"","m/z","ion type","formula M","ID","possible origin","ESI","MALDI","references"
"7","33.03349","[M+H]+","CH3OH","Methanol","Acetonitrile, solvent","X","","A"
"8","42.03383","[M+H]+","CH3CN","ACN","Acetonitrile, solvent","X","","A"
"9","59.06037","[M+NH4]+","CH3CN","ACN","Acetonitrile, solvent","X","","A, F"
"10","63.04406","[A1B+H]+","[C2H4O]nH2O","PEG","Polyethylene glycol, ubiquitous polyether","X","","D, K"
"11","64.01577","[M+Na]+","CH3CN","ACN","Acetonitrile, solvent","X","","A, F"
"12","65.05971","[M2+H]+","CH3OH","Methanol","Methanol, solvent","X","","A"
"13","74.06004","[M+H]+","C3H7NO","Dimethyl formamide","solvent","X","","A, C, F"
"14","74.06004","[A1B1+H]+","(CH3CN)n(CH3OH)m","Acetonitrile/Methanol","ESI solvents","X","","K"
"15","77.05971","[A1B+H]+","[C3H6O]nH2O","PPG","Polypropylene glycol, ubiquitous polyether","X","","D, K"
"16","79.02121","[M+H]+","C2H6OS","DMSO","Dimethylsulfoxide, solvent","X","","A"
"17","83.06037","[M2+H]+","CH3CN","Acetonitrile","ESI solvents","X","","A, C"
"18","85.02600","[A1B+Na]+","[C2H4O]nH2O","PEG","Polyethylene glycol, ubiquitous polyether","X","","D, K"
"19","85.05887","[M+H]+","C2D6OS","d6-DMSO","d6-Dimethylsulfoxide, solvent","X","","A"
"20","88.03931","[A1B1+H]+","(CH3CN)n(HCOOH)m","Acetonitrile/Formic Acid","ESI solvents","X","","A, C"
"21","96.04198","[A1B1+Na]+","(CH3CN)n(CH3OH)m","Acetonitrile/Methanol","ESI solvents","X","","C"
"22","99.04165","[A1B+Na]+","[C3H6O]nH2O","PPG","Polypropylene glycol, ubiquitous polyether","X","","D, K"
"23","100.07569","[M+H]+","C5H10NO","NMP","N-methyl 2-pyrrolidone; solvent, floor stripper","X","","K"
"24","100.99994","[A1B+K]+","[C2H4O]nH2O","PEG","Polyethylene glycol, ubiquitous polyether","X","","D, K"
"25","101.00316","[M+Na]+","C2H6OS","DMSO","Dimethylsulfoxide, solvent","X","","A, C"
"26","101.08084","[A2B2+H]+","[MeOH]n[H2O]m","Methanol/Water","ESI solvents","X","","K"
"27","102.05496","[A1B1+H]+","(CH3CN)n(CH3COOH)m","Acetonitrile/Acetic Acid","ESI solvents","X","","K"
"28","102.12773","[M+H]+","C6H15N","TEA","Triethylamine, buffer","X","","A, C"
"29","103.95560","[M+63Cu]+","C2H3N","ACN","Acetonitrile, solvent","X","","A,C"
"30","104.99229","[M+Na]+","C2H3O2Na","Sodium acetate","ESI solvents","X","","K"
"31","105.04232","[M2+Na]+","C2H3N","ACN","Acetonitrile, solvent","X","","A,C"
"32","105.95379","[M+65Cu]+","C2H3N","ACN","Acetonitrile, solvent","X","","A, C"
"33","107.07027","[A2B+H]+","[C2H4O]nH2O","PEG","Polyethylene glycol, ubiquitous polyether","X","","D, K"
"34","115.01559","[A1B+K]+","[C3H6O]nH2O","PPG","Polypropylene glycol, ubiquitous polyether","X","","D, K"
"35","115.08659","[A1B1+H]+","(CH3CN)n(C3H7NO)m","Acetonitrile/Dimethylformamide","solvent","X","","A"
"36","120.04776","[M+CH3CN+H]+","C2H6OS","DMSO","Dimethylsulfoxide, solvent","X","","A"
"37","122.08117","[M+H]+","C4H11NO3","TRIS","TRIS, buffer","X","","A"
"38","123.06278","[A2B2+Na]+","[MeOH]n[H2O]m","Methanol/Water","ESI solvents","X","","K"
"39","123.09167","[M+H]+","C7H10N2","DMAP","Dimethylaminopyridine, solvent","X","","A, C"
"40","124.03690","[A1B1+Na]+","(CH3CN)n(CH3COOH)m","Acetonitrile/Acetic Acid","ESI solvents","X","","K"
"41","129.05222","[A2B+Na]+","[C2H4O]nH2O","PEG","Polyethylene glycol, ubiquitous polyether","X","","D, K"
"42","130.15903","[M+H]+","C8H19N","DIPEA","Diisopropylethylamine, solvent","X","","A"
"43","132.90490","M+","Cs","Cs-133","Cesium, from Cesium Iodide used as calibrant","X","","V"
"44","133.10705","[A3B2+H]+","[MeOH]n[H2O]m","Methanol/Water","ESI solvents","X","","K"
"45","135.10157","[A2B+H]+","[C3H6O]nH2O","PPG","Polypropylene glycol, ubiquitous polyether","X","","D, K"
"46","137.07431","[M+CH3CN+NH4]+","C2H6OS","DMSO","Dimethylsulfoxide, solvent","X","","A, F"
"47","142.02971","[M+CH3CN+Na]+","C2H6OS","DMSO","Dimethylsulfoxide, solvent","X","","A"
"48","144.17468","[M+H]+","C9H21N","TPA","Tripropylamine, solvent","X","","A, C"
"49","144.98215","[M2+63Cu]+","CH3CN","ACN","Acetonitrile, solvent, together with m/z 147","X","","A, C"
"50","145.02615","[A2B+K]+","[C2H4O]nH2O","PEG","Polyethylene glycol, ubiquitous polyether","X","","D, K"
"51","146.06887","[M3+Na]+","CH3CN","ACN","Acetonitrile, solvent","X","","A, C"
"52","146.98034","[M2+65Cu]+","CH3CN","ACN","Acetonitrile, solvent, together with m/z 145","X","","A, C"
"53","147.11280","[A2B2+H]+","(CH3CN)n(CH3OH)m","Acetonitrile/Methanol","ESI solvents","X","","K"
"54","149.02332","[f+H]+","C8H4O3","Pthalic Anhydride","fragment ion originating from phthalate esters","X","","A, Z"
"55","150.12773","[M+H]+","C10H15N","Phenyldiethylamine","solvent","X","","A, C"
"56","151.09649","[A3B+H]+","[C2H4O]nH2O","PEG","Polyethylene glycol, ubiquitous polyether","X","","D, K"
"57","153.13862","[M+H]+","C9H16N2","DBU","1,8-Diazabicyclo[5.4.0]undec-7-ene","X","","A, C"
"58","155.08900","[A3B2+Na]+","[MeOH]n[H2O]m","Methanol/Water","ESI solvents","X","","K"
"59","157.03515","[M2+H]+","C2H6OS","DMSO","Dimethylsulfoxide, solvent","X","","A, C"
"60","157.08352","[A2B+Na]+","[C3H6O]nH2O","PPG","Polypropylene glycol, ubiquitous polyether","X","","D, K"
"61","158.96403","[M+Na]+","C2F3O2Na","NaTFA","Sodium trifluoroacetate, salt","X","","A, C"
"62","163.03897","[M-CH3OH+H]+","C10H10O4","Dimethyl phthalate","Phthalate esters, plasticizer","X","","A"
"63","163.13287","[M+H]+","C8H18O3","DGBE","Diethylene glycol monobutyl ether, cpd. In scintillation cocktail","X","","Q"
"64","169.09475","[A2B2+Na]+","(CH3CN)n(CH3OH)m","Acetonitrile/Methanol","ESI solvents","X","","K"
"65","169.11046","[M2+H]+","C2D6OS","d6-DMSO","d6-Dimethylsulfoxide, solvent","X","","A"
"66","171.00527","[f+Na]+","C8H4O3","Phthalic anhydride","from phthalate esters, plasticizer","X","","A"
"67","172.03931","[M-H2O+H]+","C10H7NO3","4-HCCA","matrix compound","","X","H, I, J"
"68","173.05745","[A2B+K]+","[C3H6O]nH2O","PPG","Polypropylene glycol, ubiquitous polyether","X","","D, K"
"69","173.07843","[A3B+Na]+","[C2H4O]nH2O","PEG","Polyethylene glycol, ubiquitous polyether","X","","D, K"
"70","179.01709","[M2+Na]+","C2H6OS","DMSO","Dimethylsulfoxide, solvent","X","","A, C"
"71","181.12231","[M+H]+","C11H16O2","BHA","Butylated hydroxyanisole, antioxidant additives","X","","K"
"72","183.08044","[M+H]+","C13H10O","DPK","Diphenyl ketone","X","","K"
"73","183.14383","[A4B3+H]+","[MeOH]n[H2O]m","Methanol/Water","ESI solvents","X","","K"
"74","185.11482","[M+Na]+","C8H18O3","GE","glycol ether","X","","K"
"75","186.22163","[M+H]+","C12H27N","TBA","Tributylamine, solvent","X","","A"
"76","189.05237","[A3B+K]+","[C2H4O]nH2O","PEG","Polyethylene glycol, ubiquitous polyether","X","","D, K"
"77","190.04987","[M+H]+","C10H7NO3","4-HCCA","matrix compound","","X","H, I, J"
"78","193.14344","[A3B+H]+","[C3H6O]nH2O","PPG","Polypropylene glycol, ubiquitous polyether","X","","D, K"
"79","195.06519","[M+H]+","C10H10O4","Dimethyl phthalate","Phthalate esters, plasticizer","X","","A"
"80","195.12270","[A4B+H]+","[C2H4O]nH2O","PEG","Polyethylene glycol, ubiquitous polyether","X","","D, K"
"81","203.10425","[M+Na]+","C11H16O2","BHA","Butylated hydroxyanisole, antioxidant additives","X","","K"
"82","205.12578","[A4B3+Na]+","[MeOH]n[H2O]m","Methanol/Water","ESI solvents","X","","K"
"83","212.03181","[M+Na]+","C10H7NO3","4-HCCA","matrix compound, sodiated","","X","H, I, J"
"84","214.08963","[M+H]+","C10H15NO2S","n-BBS","n-butyl benzenesulfonamide, plasticizer","X","","A, K"
"85","215.12538","[A3B+Na]+","[C3H6O]nH2O","PPG","Polypropylene glycol, ubiquitous polyether","X","","D, K"
"86","217.10465","[A4B+Na]+","[C2H4O]nH2O","PEG","Polyethylene glycol, ubiquitous polyether","X","","D, K"
"87","221.18999","[M+H]+","C15H24O","BTH","Butylated hydroxytoluene, Antioxidant","X","","K"
"88","225.19614","[M+H]+","C13H24N2O","DCU","N,N'-Dicyclohexylurea","X","","A"
"89","228.00575","[M+K]+","C10H7NO3","4-HCCA","matrix compound, potassiated","","X","H, I, J"
"90","231.09932","[A3B+K]+","[C3H6O]nH2O","PPG","Polypropylene glycol, ubiquitous polyether","X","","D, K"
"91","231.11618","[M+NH4]+","C10H15NO2S","n-BBS","n-butyl benzenesulfonamide, plasticizer","X","","A"
"92","233.07858","[A4B+K]+","[C2H4O]nH2O","PEG","Polyethylene glycol, ubiquitous polyether","X","","D, K"
"93","236.07157","[M+Na]+","C10H15NO2S","n-BBS","n-butyl benzenesulfonamide, plasticizer","X","","A"
"94","239.14892","[A5B+H]+","[C2H4O]nH2O","PEG","Polyethylene glycol, ubiquitous polyether","X","","D, K"
"95","239.22485","[(M.H35Cl)2-Cl]+","C6H15N","TEA.HCl","Triethylamine-hydrochloride, buffer","X","","A"
"96","241.22190","[(M.H37Cl)2-Cl]+","C6H15N","TEA.HCl","Triethylamine-hydrochloride, buffer","X","","A"
"97","242.28423","M+","C16H36N","TBA","Tetrabutylammonium, buffer","X","","A, C"
"98","243.11683","M+","C19H15","Trityl cation","Trityl cation, [Ph3C]+","X","","A"
"99","243.17194","[M+Na]+","C15H24O","BTH","Butylated hytroxytoluene, Antioxidant additives","X","","K"
"100","251.18530","[A4B+H]+","[C3H6O]nH2O","PPG","Polypropylene glycol, ubiquitous polyether","X","","D, K"
"101","251.20056","[AB1+H]+","[C14H22O][C2H4O]n","Triton","X-100, X-114, X-405, or X-45 Detergents","X","","D, K"
"102","257.03103","[M3+Na]+","C2H6OS","DMSO","Dimethylsulfoxide, solvent","X","","A"
"103","261.13086","[A5B+Na]+","[C2H4O]nH2O","PEG","Polyethylene glycol, ubiquitous polyether","X","","D, K"
"104","265.21621","[AB1+H]+","[C15H24O][C2H4O]n","Triton","101 Detergents","X","","D, K"
"105","267.17197","[M+H]+","C12H27O4P","TBP","Tributylphosphate","X","","A"
"106","273.12739","M+","C20H17O","MMT","Monomethoxytrityl cation","X","","A"
"107","273.16725","[A4B+Na]+","[C3H6O]nH2O","PPG","Polypropylene glycol, ubiquitous polyether","X","","D, K"
"108","273.18250","[AB1+Na]+","[C14H22O][C2H4O]n","Triton","X-100, X-114, X-405, or X-45 Detergents","X","","D, K"
"109","277.10480","[A5B+K]+","[C2H4O]nH2O","PEG","Polyethylene glycol, ubiquitous polyether","X","","D, K"
"110","279.09333","[M+H]+","C18H15OP","TPO","Triphenylphosphine oxide","X","","A"
"111","279.15909","[M+H]+","C16H22O4","Dibutylphthalate","Plasticiser, phtalate ester","X","","A, C"
"112","279.22945","[AB1+Na]+","[C14H28O][C2H4O]n","Triton, reduced","X-100R, X-114R, X-405R, or X-45R Detergents","X","","D, K"
"113","282.27914","[M+H]+","C18H35NO","Oleamide","Slip agent in polyethylene films","X","","A"
"114","283.17513","[A6B+H]+","[C2H4O]nH2O","PEG","Polyethylene glycol, ubiquitous polyether","X","","D, K"
"115","284.29479","[M+H]+","C18H37NO","Stearamide","Slip agent in polyethylene films","X","","A"
"116","287.19815","[AB1+Na]+","[C15H24O][C2H4O]n","Triton","101 Detergents","X","","D, K"
"117","288.25332","[M+H]+","C16H33NO3","n,n-DDA","n,n-bis(2-hydroxyethyl) dodecanamide, anti-static agent","X","","A"
"118","289.14118","[A4B+K]+","[C3H6O]nH2O","PPG","Polypropylene glycol, ubiquitous polyether","X","","D, K"
"119","293.24510","[AB1+Na]+","[C15H30O][C2H4O]n","Triton, reduced","101R Detergents","X","","D, K"
"120","295.22677","[AB2+H]+","[C14H22O][C2H4O]n","Triton","X-100, X-114, X-405, or X-45 Detergents","X","","D, K"
"121","301.14103","[M+Na]+","C16H22O4","Dibutylphthalate","Dibutylphthalate, plasticizer","X","","A"
"122","304.26108","[M+Na]+","C18H35NO","Oleamide","Slip agent in polyethylene films","X","","A"
"123","305.15708","[A6B+Na]+","[C2H4O]nH2O","PEG","Polyethylene glycol, ubiquitous polyether","X","","D, K"
"124","306.27673","[M+Na]+","C18H37NO","Stearamide","Slip agent in polyethylene films","X","","A"
"125","309.22717","[A5B+H]+","[C3H6O]nH2O","PPG","Polypropylene glycol, ubiquitous polyether","X","","D, K"
"126","309.24242","[AB2+H]+","[C15H24O][C2H4O]n","Triton","101 Detergents","X","","D, K"
"127","315.25299","[M+H]+","C18H34O4","DBS","Dibutyl sebacate, plasticizer","","","X"
"128","317.11497","[M+K]+","C16H22O4","Dibutylphthalate","Dibutylphthalate, plasticizer","X","","A"
"129","317.20872","[AB2+Na]+","[C14H22O][C2H4O]n","Triton","X-100, X-114, X-405, or X-45 Detergents","X","","D, K"
"130","321.13101","[A6B+K]+","[C2H4O]nH2O","PEG","Polyethylene glycol, ubiquitous polyether","X","","D, K"
"131","323.25567","[AB2+Na]+","[C14H28O][C2H4O]n","Triton, reduced","X-100R, X-114R, X-405R, or X-45R Detergents","X","","D, K"
"132","325.25847","[M2+H]+","C8H18O3","DGBE","Diethylene glycol monobutyl ether, cpd. In scintillation cocktail","X","","Q"
"133","327.07807","[M+H]+","C18H15O4P","TPP","Triphenyl phosphate, flame retardant in plastics","X","","X"
"134","327.20135","[A7B+H]+","[C2H4O]nH2O","PEG","Polyethylene glycol, ubiquitous polyether","X","","D, K"
"135","331.20911","[A5B+Na]+","[C3H6O]nH2O","PPG","Polypropylene glycol, ubiquitous polyether","X","","D, K"
"136","331.22437","[AB2+Na]+","[C15H24O][C2H4O]n","Triton","101 Detergents","X","","D, K"
"137","337.11841","[M+H]+;  (120Sn)","C13H28O2Sn","Tributyl tin formate","Tributyl tin formate, catalyst","X","","A"
"138","337.27132","[AB2+Na]+","[C15H30O][C2H4O]n","Triton, reduced","101R Detergents","X","","D, K"
"139","338.34174","[M+H]+","C22H43NO","Erucamide","Erucamide, (Cis-13-docosenoic amide)","X","","A"
"140","339.25299","[AB3+H]+","[C14H22O][C2H4O]n","Triton","X-100, X-114, X-405, or X-45 Detergents","X","","D, K"
"141","347.18305","[A5B+K]+","[C3H6O]nH2O","PPG","Polypropylene glycol, ubiquitous polyether","X","","D, K"
"142","349.18329","[A7B+Na]+","[C2H4O]nH2O","PEG","Polyethylene glycol, ubiquitous polyether","X","","D, K"
"143","353.26864","[AB3+H]+","[C15H24O][C2H4O]n","Triton","101 Detergents","X","","D, K"
"144","355.06994","[M+H-CH4]+","[C2H6SiO]5","Polysiloxane","Polysiloxane, (neutral methane loss from m/z 371)","X","","A, C, L"
"145","355.36829","[M-Cl]+","C22H47N2OCl","","Palmitamidopropyl-trimonium chloride, personal care products additive","X","","O"
"146","360.32368","[M+Na]+","C22H43NO","Erucamide","Erucamide, (Cis-13-docosenoic amide)","X","","A"
"147","361.23493","[AB3+Na]+","[C14H22O][C2H4O]n","Triton","X-100, X-114, X-405, or X-45 Detergents","X","","D, K"
"148","365.15723","[A7B+K]+","[C2H4O]nH2O","PEG","Polyethylene glycol, ubiquitous polyether","X","","D, K"
"149","367.26903","[A6B+H]+","[C3H6O]nH2O","PPG","Polypropylene glycol, ubiquitous polyether","X","","D, K"
"150","367.28188","[AB3+Na]+","[C14H28O][C2H4O]n","Triton, reduced","X-100R, X-114R, X-405R, or X-45R Detergents","X","","D, K"
"151","368.42508","[M-Cl]+","C25H54NCl","BTAC-228","Behentrimonium chloride, personal care product additive","X","","O"
"152","371.10124","[M+H]+","[C2H6SiO]5","Polysiloxane","Polysiloxane, followed by m/z 388","X","","A, C., E, L"
"153","371.22756","[A8B+H]+","[C2H4O]nH2O","PEG","Polyethylene glycol, ubiquitous polyether","X","","D, K"
"154","371.31559","[M+H]+","C22H42O4","DEHA","Bis(2-ethylhexyl) adipate, plasticizer","X","","N, X"
"155","371.31559","[M+H]+","C22H42O4","DOA","Dioctyl adipate, plasticizer","X","","X"
"156","375.25058","[AB3+Na]+","[C15H24O][C2H4O]n","Triton","101 Detergents","X","","D, K"
"157","379.09246","[M2+H]+","C10H7NO3","4-HCCA","matrix cluster, dimer","","X","H, I, J"
"158","381.29753","[AB3+Na]+","[C15H30O][C2H4O]n","Triton, reduced","101R Detergents","X","","D, K"
"159","383.27920","[AB4+H]+","[C14H22O][C2H4O]n","Triton","X-100, X-114, X-405, or X-45 Detergents","X","","D, K"
"160","388.12779","[M+NH4]+","[C2H6SiO]5","Polysiloxane","Polysiloxane, (see m/z 371)","X","","A, C, L"
"161","389.25098","[A6B+Na]+","[C3H6O]nH2O","PPG","Polypropylene glycol, ubiquitous polyether","X","","D, K"
"162","391.28429","[M+H]+","C24H38O4","Diisooctyl phthalate","Diisooctyl phthalate, plasticiser","X","","A, C, E"
"163","393.20951","[A8B+Na]+","[C2H4O]nH2O","PEG","Polyethylene glycol, ubiquitous polyether","X","","D, K"
"164","397.29485","[AB4+H]+","[C15H24O][C2H4O]n","Triton","101 Detergents","X","","D, K"
"165","405.22491","[A6B+K]+","[C3H6O]nH2O","PPG","Polypropylene glycol, ubiquitous polyether","X","X","D, K"
"166","405.26115","[AB4+Na]+","[C14H22O][C2H4O]n","Triton","X-100, X-114, X-405, or X-45 Detergents","X","X","D, K"
"167","409.18344","[A8B+K]+","[C2H4O]nH2O","PEG","Polyethylene glycol, ubiquitous polyether","X","X","D, K"
"168","411.30810","[AB4+Na]+","[C14H28O][C2H4O]n","Triton, reduced","X-100R, X-114R, X-405R, or X-45R Detergents","X","X","D, K"
"169","413.26623","[M+Na]+","C24H38O4","Diisooctyl phthalate","Diisooctyl phthalate, plasticiser","X","X","A, C, E"
"170","415.25378","[A9B+H]+","[C2H4O]nH2O","PEG","Polyethylene glycol, ubiquitous polyether","X","X","D, K"
"171","419.27680","[AB4+Na]+","[C15H24O][C2H4O]n","Triton","101 Detergents","X","X","D, K"
"172","425.31090","[A7B+H]+","[C3H6O]nH2O","PPG","Polypropylene glycol, ubiquitous polyether","X","X","D, K"
"173","425.32375","[AB4+Na]+","[C15H30O][C2H4O]n","Triton, reduced","101R Detergents","X","X","D, K"
"174","427.30542","[AB5+H]+","[C14H22O][C2H4O]n","Triton","X-100, X-114, X-405, or X-45 Detergents","X","X","D, K"
"175","429.08873","[M+H-CH4]+","[C2H6SiO]6","Polysiloxane","Polysiloxane, (neutral methane loss from m/z 445)","X","X","L"
"176","429.24017","[M+K]+","C24H38O4","Diisooctyl phthalate","Diisooctyl phthalate, plasticiser","X","X","A, C"
"177","437.23572","[A9B+Na]+","[C2H4O]nH2O","PEG","Polyethylene glycol, ubiquitous polyether","X","X","D, K"
"178","441.01479","[M3+63Cu(I)]+","C10H7NO3","4-HCCA","matrix-copper adduct, together with m/z 443","","X","K"
"179","441.32107","[AB5+H]+","[C15H24O][C2H4O]n","Triton","101 Detergents","X","X","D, K"
"180","443.01298","[M3+65Cu(I)]+","C10H7NO3","4-HCCA","matrix-copper adduct, together with m/z 443","","X","K"
"181","445.12003","[M+H]+","[C2H6SiO]6","Polysiloxane","Polysiloxane, followed by m/z 462","X","X","A, C, E, L"
"182","447.29284","[M+H]+","[C3H6O]nH2O","PPG","Polypropylene glycol, ubiquitous polyether","X","X","D, K"
"183","449.28736","[AB5+Na]+","[C14H22O][C2H4O]n","Triton","X-100, X-114, X-405, or X-45 Detergents","X","X","D, K"
"184","449.38500","[M2+H]+","C13H24N2O","DCU","N,N'-Dicyclohexylurea","X","X","A, C"
"185","453.20966","[A9B+K]+","[C2H4O]nH2O","PEG","Polyethylene glycol, ubiquitous polyether","X","X","D, K"
"186","453.34353","[M+H]+","C24H44N4O4","nylon ","Cyclic oligomer of polyamide 66, (adipic acid/hexylmethylene diamine condensation) ","X","X","M"
"187","454.29278","[M+CH3CN+Na]+","C24H38O4","Diisooctyl phthalate","Diisooctyl phthalate, plasticiser","X","X","A"
"188","455.33431","[AB5+Na]+","[C14H28O][C2H4O]n","Triton, reduced","X-100R, X-114R, X-405R, or X-45R Detergents","X","X","D, K"
"189","459.27999","[A10B+H]+","[C2H4O]nH2O","PEG","Polyethylene glycol, ubiquitous polyether","X","X","D, K"
"190","462.14658","[M+NH4]+","[C2H6SiO]6","Polysiloxane","Polysiloxane (see m/z 445)","X","X","A, L"
"191","463.26678","[A7B+K]+","[C3H6O]nH2O","PPG","Polypropylene glycol, ubiquitous polyether","X","X","D, K"
"192","463.30301","[AB5+Na]+","[C15H24O][C2H4O]n","Triton","101 Detergents","X","X","D, K"
"193","469.34996","[AB5+Na]+","[C15H30O][C2H4O]n","Triton, reduced","101R Detergents","X","X","D, K"
"194","471.33163","[AB6+H]+","[C14H22O][C2H4O]n","Triton","X-100, X-114, X-405, or X-45 Detergents","X","X","D, K"
"195","472.28781","[M+H]+","SLPR","Peptide","porcine trypsin","X","X","G"
"196","481.26194","[A10B+Na]+","[C2H4O]nH2O","PEG","Polyethylene glycol, ubiquitous polyether","X","X","D, K"
"197","483.35276","[A8B+H]+","[C3H6O]nH2O","PPG","Polypropylene glycol, ubiquitous polyether","X","X","D, K"
"198","485.34728","[AB6+H]+","[C15H24O][C2H4O]n","Triton","101 Detergents","X","X","D, K"
"199","493.31358","[AB6+Na]+","[C14H22O][C2H4O]n","Triton","X-100, X-114, X-405, or X-45 Detergents","X","X","D, K"
"200","494.56593","[M-Cl]+","C34H72NCl","DPDMA","Dipalmityldimethylammonium chloride, catalyst, personal care products additive","X","X","O, K"
"201","497.23587","[A10B+K]+","[C2H4O]nH2O","PEG","Polyethylene glycol, ubiquitous polyether","X","X","D, K"
"202","499.36053","[AB6+Na]+","[C14H28O][C2H4O]n","Triton, reduced","X-100R, X-114R, X-405R, or X-45R Detergents","X","X","D, K"
"203","503.10752","[M+H-CH4]+","[C2H6SiO]7","Polysiloxane","Polysiloxane, (neutral methane loss from m/z 519)","X","X","A, L"
"204","503.30621","[A11B+H]+","[C2H4O]nH2O","PEG","Polyethylene glycol, ubiquitous polyether","X","X","D, K"
"205","505.33471","[A8B+Na]+","[C3H6O]nH2O","PPG","Polypropylene glycol, ubiquitous polyether","X","X","D, K"
"206","507.32923","[AB6+Na]+","[C15H24O][C2H4O]n","Triton","101 Detergents","X","X","D, K"
"207","513.37618","[AB6+Na]+","[C15H30O][C2H4O]n","Triton, reduced","101R Detergents","X","X","D, K"
"208","515.33001","[M+H]+","IQVR","Peptide","trypsin-like artefact","X","X","E"
"209","515.35785","[AB7+H]+","[C14H22O][C2H4O]n","Triton","X-100, X-114, X-405, or X-45 Detergents","X","X","D, K"
"210","515.41286","[M+H]+","C30H58O4S","DDTDP","Didodecyl 3,3?-thiodipropionate, antioxidant","X","X","W"
"211","519.13882","[M+H]+","[C2H6SiO]7","Polysiloxane","Polysiloxane, followed by m/z 536","X","X","A, L"
"212","521.30864","[A8B+K]+","[C3H6O]nH2O","PPG","Polypropylene glycol, ubiquitous polyether","X","X","D, K"
"213","522.59723","[M-Cl]+","C36H76NCl","SPDMA","Stearyl-palmityldimethylammonium chloride, catalyst, personal care product additive","X","X","O, K"
"214","525.28815","[A11B+Na]+","[C2H4O]nH2O","PEG","Polyethylene glycol, ubiquitous polyether","X","X","D, K"
"215","529.37350","[AB7+H]+","[C15H24O][C2H4O]n","Triton","101 Detergents","X","X","D, K"
"216","531.40777","[M+H]+","C30H58O5S","DDTDP","Didodecyl 3,3?-thiodipropionate oxidized to sulfoxide, antioxidant","X","X","W"
"217","531.47717","[M+H]+","C35H62O3","Irganox","Irganox 1076, antioxidant in synthetic polymers, antioxidant","X","X","W"
"218","536.16537","[M+NH4]+","[C2H6SiO]7","Polysiloxane","Polysiloxane (see m/z 519)","X","X","A, L"
"219","537.33979","[AB7+Na]+","[C14H22O][C2H4O]n","Triton","X-100, X-114, X-405, or X-45 Detergents","X","X","D, K"
"220","537.87901","[M6-6H+3Fe+O]+","C2H4O2","Acetic acid-Fe-O- complex","during ESI with metal tips and acetic acid","X","","A, B, E, Y"
"221","541.26209","[A11B+K]+","[C2H4O]nH2O","PEG","Polyethylene glycol, ubiquitous polyether","X","X","D, K"
"222","541.39463","[A9B+H]+","[C3H6O]nH2O","PPG","Polypropylene glycol, ubiquitous polyether","X","X","D, K"
"223","543.38674","[AB7+Na]+","[C14H28O][C2H4O]n","Triton, reduced","X-100R, X-114R, X-405R, or X-45R Detergents","X","X","D, K"
"224","547.33242","[A12B+H]+","[C2H4O]nH2O","PEG","Polyethylene glycol, ubiquitous polyether","X","X","D, K"
"225","547.40269","[M+H]+","C30H58O6S","DDTDP","Didodecyl 3,3?-thiodipropionate oxidized to sulfone, antioxidant","X","X","W"
"226","550.62853","[M-Cl]+","C38H80NCl","DSDMA","Distearyldimethylammonium chloride, catalyst, personal care products additive","x","X","A, K, O"
"227","551.35544","[AB7+Na]+","[C15H24O][C2H4O]n","Triton","101 Detergents","X","X","D, K"
"228","553.38972","[M+Na]+","C30H58O5S","DDTDP","Didodecyl 3,3?-thiodipropionate oxidized to sulfoxide, antioxidant","X","X","A, W"
"229","553.45912","[M+Na]+","C35H62O3","Irganox","Irganox 1076, antioxidant in synthetic polymers, antioxidant","X","X","A, W"
"230","555.88957","[M6-6H+H2O+3Fe+O]+","C2H4O2","Acetic acid-Fe-O- complex","during ESI with metal tips and acetic acid","X","","A, B, E, Y"
"231","557.40239","[AB7+Na]+","[C15H30O][C2H4O]n","Triton, reduced","101R Detergents","X","X","D, K"
"232","559.38406","[AB8+H]+","[C14H22O][C2H4O]n","Triton","X-100, X-114, X-405, or X-45 Detergents","X","X","D, K"
"233","563.37657","[A9B+Na]+","[C3H6O]nH2O","PPG","Polypropylene glycol, ubiquitous polyether","X","X","D, K"
"234","568.13506","[M3+H]+","C10H7NO3","4-HCCA","matrix cluster, trimer","","X","H, I, J"
"235","569.31437","[A12B+Na]+","[C2H4O]nH2O","PEG","Polyethylene glycol, ubiquitous polyether","X","X","D, K"
"236","571.35622","[M+H]+","VSLPR","Peptide","porcine trypsin","X","X","G"
"237","573.39971","[AB8+H]+","[C15H24O][C2H4O]n","Triton","101 Detergents","X","X","D, K"
"238","577.12631","[M+H-CH4]+","[C2H6SiO]8","Polysiloxane","Polysiloxane, (neutral methane loss from m/z 593)","X","X","L"
"239","579.35051","[A9B+K]+","[C3H6O]nH2O","PPG","Polypropylene glycol, ubiquitous polyether","X","X","D, K"
"240","581.36601","[AB8+Na]+","[C14H22O][C2H4O]n","Triton","X-100, X-114, X-405, or X-45 Detergents","X","X","D, K"
"241","585.28830","[A12B+K]+","[C2H4O]nH2O","PEG","Polyethylene glycol, ubiquitous polyether","X","X","D, K"
"242","587.41296","[AB8+Na]+","[C14H28O][C2H4O]n","Triton, reduced","X-100R, X-114R, X-405R, or X-45R Detergents","X","X","D, K"
"243","591.35864","[A13B+H]+","[C2H4O]nH2O","PEG","Polyethylene glycol, ubiquitous polyether","X","X","D, K"
"244","593.15761","[M+H]+","[C2H6SiO]8","Polysiloxane","Polysiloxane, followed by m/z 610","X","X","A, L"
"245","595.38166","[AB8+Na]+","[C15H24O][C2H4O]n","Triton","101 Detergents","X","X","D, K"
"246","597.90014","[M7-6H+3Fe+O]+","C2H4O2","Acetic acid-Fe-O- complex","during ESI with metal tips and acetic acid","X","","B, E, Y"
"247","599.43649","[A10B+H]+","[C3H6O]nH2O","PPG","Polypropylene glycol, ubiquitous polyether","X","X","D, K"
"248","601.42861","[AB8+Na]+","[C15H30O][C2H4O]n","Triton, reduced","101R Detergents","X","X","D, K"
"249","603.41028","[AB9+H]+","[C14H22O][C2H4O]n","Triton","X-100, X-114, X-405, or X-45 Detergents","X","X","D, K"
"250","606.09149","[M3+K]+","C10H7NO3","4-HCCA","matrix cluster, trimer, potassiated","","X","H, I, J"
"251","610.18416","[M+NH4]+","[C2H6SiO]8","Polysiloxane","Polysiloxane (see m/z 593)","X","X","L"
"252","613.34058","[A13B+Na]+","[C2H4O]nH2O","PEG","Polyethylene glycol, ubiquitous polyether","X","X","D, K"
"253","615.40375","[M+H]+","C32H58N2O7S","CHAPS","3-[(3-Cholamidopropyl)dimethylammonio]-1-propanesulfonate","X","X","E"
"254","617.42593","[AB9+H]+","[C15H24O][C2H4O]n","Triton","101 Detergents","X","X","D, K"
"255","621.41844","[A10B+Na]+","[C3H6O]nH2O","PPG","Polypropylene glycol, ubiquitous polyether","X","X","D, K"
"256","621.97291","[M6-6H+3Fe+O]+","C3H6O2","Propionic acid Fe-O complex","during ESI with metal tips and acetic acid","X","","Y"
"257","625.39222","[AB9+Na]+","[C14H22O][C2H4O]n","Triton","X-100, X-114, X-405, or X-45 Detergents","X","X","D, K"
"258","629.31452","[A13B+K]+","[C2H4O]nH2O","PEG","Polyethylene glycol, ubiquitous polyether","X","X","D, K"
"259","631.43917","[AB9+Na]+","[C14H28O][C2H4O]n","Triton, reduced","X-100R, X-114R, X-405R, or X-45R Detergents","X","X","D, K"
"260","633.32023","[M+H]+","QTIASN","Peptide","Bovine trypsin","X","X","K"
"261","635.38485","[A14B+H]+","[C2H4O]nH2O","PEG","Polyethylene glycol, ubiquitous polyether","X","X","D, K"
"262","637.39237","[A10B+K]+","[C3H6O]nH2O","PPG","Polypropylene glycol, ubiquitous polyether","X","X","D, K"
"263","639.40787","[AB9+Na]+","[C15H24O][C2H4O]n","Triton","101 Detergents","X","X","D, K"
"264","645.45482","[AB9+Na]+","[C15H30O][C2H4O]n","Triton, reduced","101R Detergents","X","X","D, K"
"265","646.35187","[f+H]+","GLTAER (from YLDGLTAER)","Peptide","keratin (human), ion source fragment","X","X","G, K"
"266","647.43649","[AB10+H]+","[C14H22O][C2H4O]n","Triton","X-100, X-114, X-405, or X-45 Detergents","X","X","D, K"
"267","651.14510","[M+H-CH4]+","[C2H6SiO]9","Polysiloxane","Polysiloxane, (neutral methane loss from m/z 667)","X","X","L"
"268","657.36680","[A14B+Na]+","[C2H4O]nH2O","PEG","Polyethylene glycol, ubiquitous polyether","X","X","D, K"
"269","657.47836","[A11B+H]+","[C3H6O]nH2O","PPG","Polypropylene glycol, ubiquitous polyether","X","X","D, K"
"270","659.38350","[M+H]+","SGIQVR","Peptide","Bovine trypsin","X","X","K"
"271","661.45214","[AB10+H]+","[C15H24O][C2H4O]n","Triton","101 Detergents","X","X","D, K"
"272","667.17640","[M+H]+","[C2H6SiO]9","Polysiloxane","Polysiloxane, followed by m/z 684","X","X","L"
"273","669.41844","[AB10+Na]+","[C14H22O][C2H4O]n","Triton","X-100, X-114, X-405, or X-45 Detergents","X","X","D, K"
"274","672.40390","[M+H]+","TVSLPR","Peptide","porcine trypsin","X","X","K"
"275","672.40390","[M+H]+","TVSLPR","Peptide","porcine trypsin","X","X","K"
"276","673.34073","[A14B+K]+","[C2H4O]nH2O","PEG","Polyethylene glycol, ubiquitous polyether","X","X","D, K"
"277","675.46539","[AB10+Na]+","[C14H28O][C2H4O]n","Triton, reduced","X-100R, X-114R, X-405R, or X-45R Detergents","X","X","D, K"
"278","679.41107","[A15B+H]+","[C2H4O]nH2O","PEG","Polyethylene glycol, ubiquitous polyether","X","X","D, K"
"279","679.46030","[A11B+Na]+","[C3H6O]nH2O","PPG","Polypropylene glycol, ubiquitous polyether","X","X","D, K"
"280","679.51166","[M+H]+","C36H66N6O6","nylon ","Cyclic oligomer of polyamide 66, (adipic acid/hexylmethylene diamine condensation) ","X","X","M"
"281","683.43409","[AB10+Na]+","[C15H24O][C2H4O]n","Triton","101 Detergents","X","X","D, K"
"282","684.20295","[M+NH4]+","[C2H6SiO]9","Polysiloxane","Polysiloxane (see m/z 667)","X","X","L"
"283","689.48104","[AB10+Na]+","[C15H30O][C2H4O]n","Triton, reduced","101R Detergents","X","X","D, K"
"284","691.46271","[AB11+H]+","[C14H22O][C2H4O]n","Triton","X-100, X-114, X-405, or X-45 Detergents","X","X","D, K"
"285","695.43424","[A11B+K]+","[C3H6O]nH2O","PPG","Polypropylene glycol, ubiquitous polyether","X","X","D, K"
"286","701.39301","[A15B+Na]+","[C2H4O]nH2O","PEG","Polyethylene glycol, ubiquitous polyether","X","X","D, K"
"287","704.38250","[M+H]+","LDSELK","Peptide","keratin","X","X","E"
"288","705.47836","[AB11+H]+","[C15H24O][C2H4O]n","Triton","101 Detergents","X","X","D, K"
"289","713.44465","[AB11+Na]+","[C14H22O][C2H4O]n","Triton","X-100, X-114, X-405, or X-45 Detergents","X","X","D, K"
"290","715.52022","[A12B+H]+","[C3H6O]nH2O","PPG","Polypropylene glycol, ubiquitous polyether","X","X","D, K"
"291","717.36695","[A15B+K]+","[C2H4O]nH2O","PEG","Polyethylene glycol, ubiquitous polyether","X","X","D, K"
"292","719.49160","[AB11+Na]+","[C14H28O][C2H4O]n","Triton, reduced","X-100R, X-114R, X-405R, or X-45R Detergents","X","X","D, K"
"293","723.43728","[A16B+H]+","[C2H4O]nH2O","PEG","Polyethylene glycol, ubiquitous polyether","X","X","D, K"
"294","725.16390","[M+H-CH4]+","[C2H6SiO]10","Polysiloxane","Polysiloxane, (neutral methane loss from m/z 741)","X","X","L"
"295","727.46030","[AB11+Na]+","[C15H24O][C2H4O]n","Triton","101 Detergents","X","X","D, K"
"296","732.46544","[M+H]+","GLVLIAF","Peptide","bovine serum albumin (BSA)","X","X","E"
"297","733.50725","[AB11+Na]+","[C15H30O][C2H4O]n","Triton, reduced","101R Detergents","X","X","D, K"
"298","735.48892","[AB12+H]+","[C14H22O][C2H4O]n","Triton","X-100, X-114, X-405, or X-45 Detergents","X","X","D, K"
"299","737.50217","[A12B+Na]+","[C3H6O]nH2O","PPG","Polypropylene glycol, ubiquitous polyether","X","X","D, K"
"300","741.19520","[M+H]+","[C2H6SiO]10","Polysiloxane","Polysiloxane, followed by m/z 758","X","X","L"
"301","742.44979","[M+H]+","GPFPILV","Peptide","bovine casein alpha-S1","X","X","E"
"302","743.44101","[M+H]+","ATVSLPR","Peptide","porcine trypsin","X","X","G"
"303","745.41923","[A16B+Na]+","[C2H4O]nH2O","PEG","Polyethylene glycol, ubiquitous polyether","X","X","D, K"
"304","749.50457","[AB12+H]+","[C15H24O][C2H4O]n","Triton","101 Detergents","X","X","D, K"
"305","753.47610","[A12B+K]+","[C3H6O]nH2O","PPG","Polypropylene glycol, ubiquitous polyether","X","X","D, K"
"306","757.47087","[AB12+Na]+","[C14H22O][C2H4O]n","Triton","X-100, X-114, X-405, or X-45 Detergents","X","X","D, K"
"307","758.22175","[M+NH4]+","[C2H6SiO]10","Polysiloxane","Polysiloxane (see m/z 741)","X","X","L"
"308","758.41553","[M+H]+","PATLNSR","Peptide","porcine trypsin","X","X","G"
"309","761.39316","[A16B+K]+","[C2H4O]nH2O","PEG","Polyethylene glycol, ubiquitous polyether","X","X","D, K"
"310","763.51782","[AB12+Na]+","[C14H28O][C2H4O]n","Triton, reduced","X-100R, X-114R, X-405R, or X-45R Detergents","X","X","D, K"
"311","767.46350","[A17B+H]+","[C2H4O]nH2O","PEG","Polyethylene glycol, ubiquitous polyether","X","X","D, K"
"312","771.48652","[AB12+Na]+","[C15H24O][C2H4O]n","Triton","101 Detergents","X","X","D, K"
"313","773.56209","[A13B+H]+","[C3H6O]nH2O","PPG","Polypropylene glycol, ubiquitous polyether","X","X","D, K"
"314","777.53347","[AB12+Na]+","[C15H30O][C2H4O]n","Triton, reduced","101R Detergents","X","X","D, K"
"315","779.51514","[AB13+H]+","[C14H22O][C2H4O]n","Triton","X-100, X-114, X-405, or X-45 Detergents","X","X","D, K"
"316","789.44544","[A17B+Na]+","[C2H4O]nH2O","PEG","Polyethylene glycol, ubiquitous polyether","X","X","D, K"
"317","793.53079","[AB13+H]+","[C15H24O][C2H4O]n","Triton","101 Detergents","X","X","D, K"
"318","795.54403","[A13B+Na]+","[C3H6O]nH2O","PPG","Polypropylene glycol, ubiquitous polyether","X","X","D, K"
"319","798.58785","[M2+NH4]+","C24H38O4","Diisooctyl phthalate","Diisooctyl phthalate, plasticiser","X","X","A, C, E"
"320","801.49708","[AB13+Na]+","[C14H22O][C2H4O]n","Triton","X-100, X-114, X-405, or X-45 Detergents","X","X","D, K"
"321","802.43051","[M+H]+","LSSPATLN","Peptide","porcine trypsin, truncated","X","X","E"
"322","803.54324","[M2+Na]+","C24H38O4","Diisooctyl phthalate","Diisooctyl phthalate, plasticiser","X","X","A, C, E"
"323","804.40978","[M+H]+","SEIDNVK","Peptide","keratin (human)","X","X","G"
"324","805.41626","[M+H]+","SAASLNSR","Peptide","bovine trypsin","X","X","G, K"
"325","805.41938","[A17B+K]+","[C2H4O]nH2O","PEG","Polyethylene glycol, ubiquitous polyether","X","X","D, K"
"326","807.39954","[M+H]+","LAADDFR","Peptide","keratin (human)","X","X","G, K"
"327","807.54403","[AB13+Na]+","[C14H28O][C2H4O]n","Triton, reduced","X-100R, X-114R, X-405R, or X-45R Detergents","X","X","D, K"
"328","809.44035","[M+H]+","LASYLDK","Peptide","keratin","X","X","E"
"329","809.48691","[AB10+Na]+","[C18H34O6][C2H4O]n","Tween","Tween 20","X","X","D, K"
"330","811.48971","[A18B+H]+","[C2H4O]nH2O","PEG","Polyethylene glycol, ubiquitous polyether","X","X","D, K"
"331","811.51797","[A13B+K]+","[C3H6O]nH2O","PPG","Polypropylene glycol, ubiquitous polyether","X","X","D, K"
"332","815.51273","[AB13+Na]+","[C15H24O][C2H4O]n","Triton","101 Detergents","X","X","D, K"
"333","819.51718","[M2+K]+","C24H38O4","Diisooctyl phthalate","Diisooctyl phthalate, plasticiser","X","X","A, K"
"334","821.55968","[AB13+Na]+","[C15H30O][C2H4O]n","Triton, reduced","101R Detergents","X","X","D, K"
"335","823.54135","[AB14+H]+","[C14H22O][C2H4O]n","Triton","X-100, X-114, X-405, or X-45 Detergents","X","X","D, K"
"336","824.49887","[M+H]+","PGVVSLPR","Peptide","trypsin-like artefact","X","X","E"
"337","827.42978","[M+H]+","FASFIDK","Peptide","keratin (human)","X","X","E, G, K"
"338","827.46214","[M+H]+","PEIQNVK","Peptide","keratin (human)","X","X","G, K"
"339","831.60395","[A14B+H]+","[C3H6O]nH2O","PPG","Polypropylene glycol, ubiquitous polyether","X","X","D, K"
"340","832.48870","[M+H]+","SISISVAR","Peptide","keratin (human)","X","X","G, K"
"341","833.47166","[A18B+Na]+","[C2H4O]nH2O","PEG","Polyethylene glycol, ubiquitous polyether","X","X","D, K"
"342","837.55700","[AB14+H]+","[C15H24O][C2H4O]n","Triton","101 Detergents","X","X","D, K"
"343","839.09742","[M4-2H+K+2Na]+","C10H7NO3","4-HCCA","matrix cluster","","X","H, I, J"
"344","842.50943","[M+H]+","VATVSLPR","Peptide","porcine trypsin","X","X","E, G, K"
"345","845.10543","[M4-3H+4Na]+","C10H7NO3","4-HCCA","matrix cluster","","X","H, I, J"
"346","845.52330","[AB14+Na]+","[C14H22O][C2H4O]n","Triton","X-100, X-114, X-405, or X-45 Detergents","X","X","D, K"
"347","848.49886","[M+H]+","AFIDKVR","Peptide","keratin (human)","X","X","G, K"
"348","849.44559","[A18B+K]+","[C2H4O]nH2O","PEG","Polyethylene glycol, ubiquitous polyether","X","X","D, K"
"349","851.57025","[AB14+Na]+","[C14H28O][C2H4O]n","Triton, reduced","X-100R, X-114R, X-405R, or X-45R Detergents","X","X","D, K"
"350","853.51313","[AB11+Na]+","[C18H34O6][C2H4O]n","Tween","Tween 20","X","X","D, K"
"351","853.58590","[A14B+Na]+","[C3H6O]nH2O","PPG","Polypropylene glycol, ubiquitous polyether","X","X","D, K"
"352","855.07136","[M4-2H+Na+2K]+","C10H7NO3","4-HCCA","matrix cluster","","X","H, I, J"
"353","855.51593","[A19B+H]+","[C2H4O]nH2O","PEG","Polyethylene glycol, ubiquitous polyether","X","X","D, K"
"354","859.53895","[AB14+Na]+","[C15H24O][C2H4O]n","Triton","101 Detergents","X","X","D, K"
"355","861.07937","[M4-3H+3Na+K]+","C10H7NO3","4-HCCA","matrix cluster","","X","H, I, J"
"356","863.47338","[f+H]+","SFLINNR (from THNLEPYFESFINNLR)","Peptide","keratin (human), ion source fragment","X","X","G, K"
"357","865.47780","[f+H]+","IEIATYR (from LALDIEIATYR)","Peptide","keratin (human), ion source fragment","X","X","G, K"
"358","865.54951","[AB10+Na]+","[C22H42O6][C2H4O]n","Tween","Tween 40","X","X","D, K"
"359","865.58590","[AB14+Na]+","[C15H30O][C2H4O]n","Triton, reduced","101R Detergents","X","X","D, K"
"360","867.08737","[M4-4H+5Na]+","C10H7NO3","4-HCCA","matrix cluster","","X","H, I, J"
"361","867.56757","[AB15+H]+","[C14H22O][C2H4O]n","Triton","X-100, X-114, X-405, or X-45 Detergents","X","X","D, K"
"362","869.55983","[A14B+K]+","[C3H6O]nH2O","PPG","Polypropylene glycol, ubiquitous polyether","X","X","D, K"
"363","870.54073","[M+H]+","VATVSLPR  N-term. methylated ","Peptide","porcine trypsin - methylated","X","X","J"
"364","871.04530","[M4-2H+3K]+","C10H7NO3","4-HCCA","matrix cluster","","X","H, I, J"
"365","871.49959","[M+H]+","QATVSLPR","Peptide","trypsin-like artefact","X","X","E"
"366","874.49926","[M+H]+","SLVNLGGSK","Peptide","keratin (human)","X","X","E, G, K"
"367","877.49787","[A19B+Na]+","[C2H4O]nH2O","PEG","Polyethylene glycol, ubiquitous polyether","X","X","D, K"
"368","881.47271","[M+H]+","SLYGLGGSK","Peptide","keratin (human)","X","X","G, K"
"369","881.58322","[AB15+H]+","[C15H24O][C2H4O]n","Triton","101 Detergents","X","X","D, K"
"370","883.51485","[M+H]+","RVYVHPI","Peptide","Angiotensin standards","X","X","E"
"371","889.54951","[AB15+Na]+","[C14H22O][C2H4O]n","Triton","X-100, X-114, X-405, or X-45 Detergents","X","X","D, K"
"372","889.64582","[A15B+H]+","[C3H6O]nH2O","PPG","Polypropylene glycol, ubiquitous polyether","X","X","D, K"
"373","891.56516","[AB10+Na]+","[C24H44O6][C2H4O]n","Tween","Tween 80","X","X","D, K"
"374","893.47181","[A19B+K]+","[C2H4O]nH2O","PEG","Polyethylene glycol, ubiquitous polyether","X","X","D, K"
"375","893.58081","[AB10+Na]+","[C24H46O6][C2H4O]n","Tween","Tween 60","X","X","D, K"
"376","895.59646","[AB15+Na]+","[C14H28O][C2H4O]n","Triton, reduced","X-100R, X-114R, X-405R, or X-45R Detergents","","X","D, K"
"377","897.53934","[AB12+Na]+","[C18H34O6][C2H4O]n","Tween","Tween 20","X","X","D, K"
"378","899.53089","[M+H]+","VQTVSLPR","Peptide","trypsin-like artefact","X","X","E"
"379","899.54214","[A20B+H]+","[C2H4O]nH2O","PEG","Polyethylene glycol, ubiquitous polyether","X","X","D, K"
"380","903.56516","[AB15+Na]+","[C15H24O][C2H4O]n","Triton","101 Detergents","X","X","D, K"
"381","905.67979","[M+H]+","C48H88N8O8","nylon ","Cyclic oligomer of polyamide 66, (adipic acid/hexylmethylene diamine condensation) ","X","X","M"
"382","906.50434","[M+H]+","NKPGVYTK","Peptide","bovine trypsin","X","X","G, K"
"383","906.50434","[M+H]+","NKPGVYTK","Peptide","porcine trypsin","X","X","G, K"
"384","909.57573","[AB11+Na]+","[C22H42O6][C2H4O]n","Tween","Tween 40","X","X","D, K"
"385","909.61211","[AB15+Na]+","[C15H30O][C2H4O]n","Triton, reduced","101R Detergents","X","X","D, K"
"386","911.59378","[AB16+H]+","[C14H22O][C2H4O]n","Triton","X-100, X-114, X-405, or X-45 Detergents","X","X","D, K"
"387","911.62776","[A15B+Na]+","[C3H6O]nH2O","PPG","Polypropylene glycol, ubiquitous polyether","X","X","D, K"
"388","917.49920","[M+H]+","RVYVHPF","Peptide","Angiotensin standards (bovine)","X","X","E"
"389","921.52409","[A20B+Na]+","[C2H4O]nH2O","PEG","Polyethylene glycol, ubiquitous polyether","X","X","D, K"
"390","925.60943","[AB16+H]+","[C15H24O][C2H4O]n","Triton","101 Detergents","X","X","D, K"
"391","927.60170","[A15B+K]+","[C3H6O]nH2O","PPG","Polypropylene glycol, ubiquitous polyether","X","X","D, K"
"392","931.51485","[M+H]+","RVYIHPF","Peptide","Angiotensin standards (human)","X","X","E"
"393","933.57573","[AB16+Na]+","[C14H22O][C2H4O]n","Triton","X-100, X-114, X-405, or X-45 Detergents","X","X","D, K"
"394","935.59138","[AB11+Na]+","[C24H44O6][C2H4O]n","Tween","Tween 80","X","X","D, K"
"395","937.49802","[A20B+K]+","[C2H4O]nH2O","PEG","Polyethylene glycol, ubiquitous polyether","X","X","D, K"
"396","937.60703","[AB11+Na]+","[C24H46O6][C2H4O]n","Tween","Tween 60","X","X","D, K"
"397","939.62268","[AB16+Na]+","[C14H28O][C2H4O]n","Triton, reduced","X-100R, X-114R, X-405R, or X-45R Detergents","X","X","D, K"
"398","941.56556","[AB13+Na]+","[C18H34O6][C2H4O]n","Tween","Tween 20","X","X","D, K"
"399","947.59138","[AB16+Na]+","[C15H24O][C2H4O]n","Triton","101 Detergents","X","X","D, K"
"400","947.68768","[A16B+H]+","[C3H6O]nH2O","PPG","Polypropylene glycol, ubiquitous polyether","X","X","D, K"
"401","950.47305","[M+H]+","YVNWIQQ","Peptide","trypsin-like artefact, truncated","X","X","E"
"402","953.60194","[AB12+Na]+","[C22H42O6][C2H4O]n","Tween","Tween 40","X","X","D, K"
"403","953.63833","[AB16+Na]+","[C15H30O][C2H4O]n","Triton, reduced","101R Detergents","X","X","D, K"
"404","955.62000","[AB17+H]+","[C14H22O][C2H4O]n","Triton","X-100, X-114, X-405, or X-45 Detergents","X","X","D, K"
"405","969.63565","[AB17+H]+","[C15H24O][C2H4O]n","Triton","101 Detergents","X","X","D, K"
"406","969.66963","[A16B+Na]+","[C3H6O]nH2O","PPG","Polypropylene glycol, ubiquitous polyether","X","X","D, K"
"407","973.53129","[M+H]+","IEISELNR","Peptide","keratin (human)","X","X","E, G, K"
"408","977.60194","[AB17+Na]+","[C14H22O][C2H4O]n","Triton","X-100, X-114, X-405, or X-45 Detergents","X","X","D, K"
"409","979.50949","[M+H]+","GTSYPDVLK","Peptide","bovine trypsin","X","X","G, K"
"410","979.61759","[AB12+Na]+","[C24H44O6][C2H4O]n","Tween","Tween 80","X","X","D, K"
"411","981.63324","[AB12+Na]+","[C24H46O6][C2H4O]n","Tween","Tween 60","X","X","D, K"
"412","983.64889","[AB17+Na]+","[C14H28O][C2H4O]n","Triton, reduced","X-100R, X-114R, X-405R, or X-45R Detergents","X","X","D, K"
"413","985.59177","[AB14+Na]+","[C18H34O6][C2H4O]n","Tween","Tween 20","X","X","D, K"
"414","985.64356","[A16B+K]+","[C3H6O]nH2O","PPG","Polypropylene glycol, ubiquitous polyether","X","X","D, K"
"415","991.61759","[AB17+Na]+","[C15H24O][C2H4O]n","Triton","101 Detergents","X","X","D, K"
"416","994.15551","[M5-H2O-2H+3Na]+","C10H7NO3","4-HCCA","matrix cluster","","X","H, I, J"
"417","995.51966","[M+H]+","IKEWYEK","Peptide","keratin","X","X","E"
"418","997.62816","[AB13+Na]+","[C22H42O6][C2H4O]n","Tween","Tween 40","X","X","D, K"
"419","997.66454","[AB17+Na]+","[C15H30O][C2H4O]n","Triton, reduced","101R Detergents","X","X","D, K"
"420","999.64621","[AB18+H]+","[C14H22O][C2H4O]n","Triton","X-100, X-114, X-405, or X-45 Detergents","X","X","D, K"
"421","1000.56734","[M+H]+","LQAEIEGLK","Peptide","keratin","X","X","E"
"422","1002.58299","[M+H]+","LVVSTQTALA, C-terminus","Peptide","bovine serum albumin (BSA)","X","X","E"
"423","1003.55309","[M+H]+","SEITELRR","Peptide","keratin","X","X","E"
"424","1005.72955","[A17B+H]+","[C3H6O]nH2O","PPG","Polypropylene glycol, ubiquitous polyether","X","X","D, K"
"425","1013.66186","[AB18+H]+","[C15H24O][C2H4O]n","Triton","101 Detergents","X","X","D, K"
"426","1020.50302","[M+H]+","APILSDSSCK","Peptide","bovine trypsin","X","X","G, K"
"427","1020.53604","[M+H]+","SIPYQVSLN","Peptide","trypsin-like artefact, truncated","X","X","E"
"428","1021.62816","[AB18+Na]+","[C14H22O][C2H4O]n","Triton","X-100, X-114, X-405, or X-45 Detergents","X","X","D, K"
"429","1023.47417","[M+H]+","SSYPGQITGN","Peptide","trypsin-like artefact, truncated","X","X","E"
"430","1023.51055","[M+H]+","NEQFISASK","Peptide","bovine trypsin","X","X","G, K"
"431","1023.64381","[AB13+Na]+","[C24H44O6][C2H4O]n","Tween","Tween 80","X","X","D, K"
"432","1025.65946","[AB13+Na]+","[C24H46O6][C2H4O]n","Tween","Tween 60","X","X","D, K"
"433","1027.67511","[AB18+Na]+","[C14H28O][C2H4O]n","Triton, reduced","X-100R, X-114R, X-405R, or X-45R Detergents","X","X","D, K"
"434","1027.71149","[A17B+Na]+","[C3H6O]nH2O","PPG","Polypropylene glycol, ubiquitous polyether","X","X","D, K"
"435","1029.61799","[AB15+Na]+","[C18H34O6][C2H4O]n","Tween","Tween 20","X","X","D, K"
"436","1031.59830","[M+H]+","VLDELTLTK","Peptide","keratin (human)","X","X","E, G, K"
"437","1033.51603","[M+H]+","TLLEGEESR","Peptide","keratin (human)","X","X","E, G, K"
"438","1035.64381","[AB18+Na]+","[C15H24O][C2H4O]n","Triton","101 Detergents","X","X","D, K"
"439","1036.08277","[M5-2H2O-4H+4Na+K]+","C10H7NO3","4-HCCA","matrix cluster","","X","H, I, J"
"440","1036.53229","[M+H]+","IRDWYQR","Peptide","keratin","X","X","E"
"441","1037.52620","[M+H]+","YLDGLTAER","Peptide","keratin (human)","X","X","G, K"
"442","1041.65437","[AB14+Na]+","[C22H42O6][C2H4O]n","Tween","Tween 40","X","X","D, K"
"443","1041.69076","[AB18+Na]+","[C15H30O][C2H4O]n","Triton, reduced","101R Detergents","X","X","D, K"
"444","1043.67243","[AB19+H]+","[C14H22O][C2H4O]n","Triton","X-100, X-114, X-405, or X-45 Detergents","X","X","D, K"
"445","1043.68543","[A17B+K]+","[C3H6O]nH2O","PPG","Polypropylene glycol, ubiquitous polyether","X","X","D, K"
"446","1044.11395","[M5-2H+Na+2K]+","C10H7NO3","4-HCCA","matrix cluster","","X","H, I, J"
"447","1045.56365","[M+H]+","LSSPATLNSR","Peptide","porcine trypsin","X","X","G, K"
"448","1046.59528","[M+H]+","LKSAASLNSR","Peptide","bovine trypsin","X","X","G, K"
"449","1054.09334","[M5-H2O-4H+4Na+K]+","C10H7NO3","4-HCCA","matrix cluster","","X","H, I, J"
"450","1057.68808","[AB19+H]+","[C15H24O][C2H4O]n","Triton","101 Detergents","X","X","D, K"
"451","1060.08789","[M5-2H+3K]+","C10H7NO3","4-HCCA","matrix cluster, pentamer, triply potassiated","","X","H, I, J"
"452","1060.56331","[M+H]+","TLLDIDNTR","Peptide","keratin (human)","X","X","E, G, K"
"453","1063.77141","[A18B+H]+","[C3H6O]nH2O","PPG","Polypropylene glycol, ubiquitous polyether","X","X","D, K"
"454","1064.57349","[M+H]+","DIIRAVGAYS","Peptide","lysyl endopeptidase (Lys-C)","X","X","E"
"455","1064.60987","[M+H]+","LASYLDKVR","Peptide","keratin (human)","X","X","G, K"
"456","1065.49934","[M+H]+","STMQELNSR","Peptide","keratin","X","X","E"
"457","1065.65437","[AB19+Na]+","[C14H22O][C2H4O]n","Triton","X-100, X-114, X-405, or X-45 Detergents","X","X","D, K"
"458","1066.09590","[M5-3H+2K+2Na]+","C10H7NO3","4-HCCA","matrix cluster, pentamer, potassiated, sodiated","","X","H, I, J"
"459","1066.60439","[M+H]+","FAAFIDKVR","Peptide","keratin (human)","X","X","G, K"
"460","1067.67002","[AB14+Na]+","[C24H44O6][C2H4O]n","Tween","Tween 80","X","X","D, K"
"461","1069.68567","[AB14+Na]+","[C24H46O6][C2H4O]n","Tween","Tween 60","X","X","D, K"
"462","1071.60445","[M+H]+","LAGLEEALQK","Peptide","keratin (human)","X","X","G, K"
"463","1071.70132","[AB19+Na]+","[C14H28O][C2H4O]n","Triton, reduced","X-100R, X-114R, X-405R, or X-45R Detergents","X","X","D, K"
"464","1073.64420","[AB16+Na]+","[C18H34O6][C2H4O]n","Tween","Tween 20","X","X","D, K"
"465","1079.67002","[AB19+Na]+","[C15H24O][C2H4O]n","Triton","101 Detergents","X","X","D, K"
"466","1080.53201","[f+H]+","GNEQFISASK (from LGEDNINVVEGNEQFISASK)","Peptide","bovine trypsin, in source fragment","X","X","G, K"
"467","1082.59931","[M+H]+","FASFIDKVR","Peptide","keratin (human)","X","X","G, K"
"468","1085.68059","[AB15+Na]+","[C22H42O6][C2H4O]n","Tween","Tween 40","X","X","D, K"
"469","1085.71697","[AB19+Na]+","[C15H30O][C2H4O]n","Triton, reduced","101R Detergents","X","X","D, K"
"470","1085.75336","[A18B+Na]+","[C3H6O]nH2O","PPG","Polypropylene glycol, ubiquitous polyether","X","X","D, K"
"471","1087.69864","[AB20+H]+","[C14H22O][C2H4O]n","Triton","X-100, X-114, X-405, or X-45 Detergents","X","X","D, K"
"472","1090.53097","[M+H]+","VTMQNLNDR","Peptide","keratin (human)","X","X","G, K"
"473","1091.54800","[M+H]+","GNEQFINAAK","Peptide","porcine trypsin","X","X","G, K"
"474","1101.71429","[AB20+H]+","[C15H24O][C2H4O]n","Triton","101 Detergents","X","X","D, K"
"475","1101.72729","[A18B+K]+","[C3H6O]nH2O","PPG","Polypropylene glycol, ubiquitous polyether","X","X","D, K"
"476","1109.48982","[M+H]+","DAEAWFNEK","Peptide","keratin (human)","X","X","G, K"
"477","1109.68059","[AB20+Na]+","[C14H22O][C2H4O]n","Triton","X-100, X-114, X-405, or X-45 Detergents","X","X","D, K"
"478","1111.56048","[M+H]+","VCNYVSWIK","Peptide","bovine trypsin","","X","G, K"
"479","1111.69624","[AB15+Na]+","[C24H44O6][C2H4O]n","Tween","Tween 80","X","X","D, K"
"480","1113.71189","[AB15+Na]+","[C24H46O6][C2H4O]n","Tween","Tween 60","X","X","D, K"
"481","1115.72754","[AB20+Na]+","[C14H28O][C2H4O]n","Triton, reduced","X-100R, X-114R, X-405R, or X-45R Detergents","X","X","D, K"
"482","1117.67042","[AB17+Na]+","[C18H34O6][C2H4O]n","Tween","Tween 20","X","X","D, K"
"483","1118.50860","[M+H]+","HGNSHQGEPR","Peptide","keratin (human)","X","X","G, K"
"484","1121.58372","[M+H]+","QEYEQLIAK","Peptide","keratin (human)","X","X","G, K"
"485","1121.81328","[A19B+H]+","[C3H6O]nH2O","PPG","Polypropylene glycol, ubiquitous polyether","X","X","D, K"
"486","1123.69624","[AB20+Na]+","[C15H24O][C2H4O]n","Triton","101 Detergents","X","X","D, K"
"487","1126.56399","[M+H]+","IITHPNFNGN","Peptide","porcine trypsin, methylated, truncated","X","X","E, J"
"488","1129.62117","[M+H]+","LSELEAALQR","Peptide","Keratin","X","X","E"
"489","1129.70680","[AB16+Na]+","[C22H42O6][C2H4O]n","Tween","Tween 40","X","X","D, K"
"490","1129.74319","[AB20+Na]+","[C15H30O][C2H4O]n","Triton, reduced","101R Detergents","X","X","D, K"
"491","1141.51941","[M+H]+","DYQELMNTK","Peptide","Keratin","X","X","E"
"492","1143.55031","[M+H]+","VCNYVSWIK (W - oxid.)","Peptide","bovine trypsin","X","X","G, K"
"493","1143.79522","[A19B+Na]+","[C3H6O]nH2O","PPG","Polypropylene glycol, ubiquitous polyether","X","X","D, K"
"494","1153.57354","[M+H]+","SSGTSYPDVLK","Peptide","bovine trypsin","X","X","G, K"
"495","1155.72245","[AB16+Na]+","[C24H44O6][C2H4O]n","Tween","Tween 80","X","X","D, K"
"496","1157.59093","[M+H]+","QGVDADINGLR","Peptide","keratin (human)","X","X","G, K"
"497","1157.73810","[AB16+Na]+","[C24H46O6][C2H4O]n","Tween","Tween 60","X","X","D, K"
"498","1159.76916","[A19B+K]+","[C3H6O]nH2O","PPG","Polypropylene glycol, ubiquitous polyether","X","X","D, K"
"499","1161.69663","[AB18+Na]+","[C18H34O6][C2H4O]n","Tween","Tween 20","X","X","D, K"
"500","1165.58478","[M+H]+","LENEIQTYR","Peptide","keratin (human)","X","X","E, G, K"
"501","1168.58194","[M+H]+","VCcamNYVSWIK","Peptide","bovine trypsin","","X","G, K"
"502","1173.73302","[AB17+Na]+","[C22H42O6][C2H4O]n","Tween","Tween 40","X","X","D, K"
"503","1175.52238","[M+H]+","MFCAGYLEGGK","Peptide","bovine trypsin","X","X","J"
"504","1175.63404","[M+H]+","TLDNDIMLIK","Peptide","porcine trypsin","X","X","E, G, K"
"505","1179.60043","[M+H]+","YEELQITAGR","Peptide","keratin (human)","X","X","E, G, K"
"506","1179.85514","[A20B+H]+","[C3H6O]nH2O","PPG","Polypropylene glycol, ubiquitous polyether","X","X","D, K"
"507","1183.61574","[M+H]+","NVEIDPEIQK","Peptide","keratin (human)","X","X","G, K"
"508","1190.60855","[M+H]+","QVLDNLTMEK","Peptide","kereatin","X","X","E"
"509","1191.51730","[M+H]+","MoxFCAGYLEGGK","Peptide","bovine trypsin","X","X","J"
"510","1191.62896","[M+H]+","TLDNDIMoxLIK","Peptide","porcine trypsin","X","X","E, G, K"
"511","1193.61608","[M+H]+","YEELQVTVGR","Peptide","keratin (human)","X","X","G, K"
"512","1199.74867","[AB17+Na]+","[C24H44O6][C2H4O]n","Tween","Tween 80","X","X","D, K"
"513","1200.57177","[M+H]+","VCcamNYVSWIK (W - oxid.)","Peptide","bovine trypsin","X","X","G, K"
"514","1201.76432","[AB17+Na]+","[C24H46O6][C2H4O]n","Tween","Tween 60","X","X","D, K"
"515","1201.83709","[A20B+Na]+","[C3H6O]nH2O","PPG","Polypropylene glycol, ubiquitous polyether","X","X","D, K"
"516","1203.64019","[M+H]+","TLDNDIMLIR","Peptide","trypsin-like artefact","X","X","E"
"517","1205.72285","[AB19+Na]+","[C18H34O6][C2H4O]n","Tween","Tween 20","X","X","D, K"
"518","1208.61574","[M+H]+","TAAENDFVTLK","Peptide","keratin (human)","X","X","G, K"
"519","1210.59501","[M+H]+","SSGGTSYPDVLK","Peptide","keratin (human)","X","X","G, K"
"520","1210.59501","[M+H]+","SSGGTSYPDVLK","Peptide","bovine trypsin","X","X","G, K"
"521","1217.75923","[AB18+Na]+","[C22H42O6][C2H4O]n","Tween","Tween 40","X","X","D, K"
"522","1217.81102","[A20B+K]+","[C3H6O]nH2O","PPG","Polypropylene glycol, ubiquitous polyether","X","X","D, K"
"523","1219.63510","[M+H]+","TLDNDIMoxLIR","Peptide","trypsin-like artefact","X","X","E"
"524","1220.59059","[M+H]+","EGNEQFINAAK","Peptide","porcine trypsin","X","X","G, K"
"525","1225.12537","[M6-2H2O-4H+4Na+K]+","C10H7NO3","4-HCCA","matrix cluster, hexamer, potassiated, sodiated","","X","H, I, J"
"526","1229.80022","[M2+H]+","C32H58N2O7S","CHAPS","3-[(3-Cholamidopropyl)dimethylammonio]-1-propanesulfonate","X","X","E"
"527","1232.54385","[M+H]+","MFCcamAGYLEGGK","Peptide","bovine trypsin","X","X","J"
"528","1232.59780","[M+H]+","SGGGGGGGLGSGGSIR","Peptide","keratin (human)","X","X","G, K"
"529","1235.52873","[M+H]+","FSSSSGYGGGSSR","Peptide","keratin (human)","X","X","G, K"
"530","1243.77488","[AB18+Na]+","[C24H44O6][C2H4O]n","Tween","Tween 80","X","X","D, K"
"531","1245.79053","[AB18+Na]+","[C24H46O6][C2H4O]n","Tween","Tween 60","X","X","D, K"
"532","1248.53876","[M+H]+","MoxFCcamAGYLEGGK","Peptide","bovine trypsin","X","X","J"
"533","1249.74906","[AB20+Na]+","[C18H34O6][C2H4O]n","Tween","Tween 20","X","X","D, K"
"534","1251.70959","[M+H]+","YIPIQYVLSR","Peptide","bovine casein alpha-S1","X","X","E"
"535","1254.60730","[M+H]+","GFSSGSAVVSGGSR","Peptide","keratin (human)","X","X","G, K"
"536","1261.78545","[AB19+Na]+","[C22H42O6][C2H4O]n","Tween","Tween 40","X","X","D, K"
"537","1262.59714","[M+H]+","SLLEGEGSSGGGGR","Peptide","keratin","X","X","E"
"538","1262.75793","[M+H]+","LLHGVATVSLPR","Peptide","trypsin-like artefact","X","X","E"
"539","1265.63721","[M+H]+","TNAENEFVTIK","Peptide","keratin (human)","X","X","G, K"
"540","1267.70450","[M+H]+","YLGYLEQLLR","Peptide","bovine casein alpha-S1","X","X","E"
"541","1277.63319","[M+H]+","SDQSRLDSELK","Peptide","keratin (human)","X","X","G, K"
"542","1277.70998","[M+H]+","LALDIEIATYR","Peptide","keratin (human)","X","X","E, G, K"
"543","1278.58553","[M+H]+","GSCcamGIGGGIGGGSSR","Peptide","keratin","X","X","E"
"544","1278.64369","[M+H]+","YEQLAEQNRK","Peptide","keratin (human)","X","X","G, K"
"545","1282.66912","[M+H]+","DRVYVHPFHL","Peptide","Angiotensin standards (bovine)","X","X","E"
"546","1287.80110","[AB19+Na]+","[C24H44O6][C2H4O]n","Tween","Tween 80","X","X","D, K"
"547","1289.81675","[AB19+Na]+","[C24H46O6][C2H4O]n","Tween","Tween 60","X","X","D, K"
"548","1293.77528","[AB21+Na]+","[C18H34O6][C2H4O]n","Tween","Tween 20","X","X","D, K"
"549","1296.68477","[M+H]+","DRVYIHPFHL","Peptide","Angiotensin standards (human)","X","X","E"
"550","1301.65834","[M+H]+","ALEEANADLEVK","Peptide","keratin","X","X","E"
"551","1302.70121","[M+H]+","NSKIEISELNR","Peptide","keratin (human)","X","X","G, K"
"552","1302.71512","[M+H]+","SLDLDSIIAEVK","Peptide","keratin (human)","X","X","E, G, K"
"553","1305.71613","[M+H]+","HLVDEPQNLIK","Peptide","bovine serum albumin (BSA)","X","X","E"
"554","1305.81166","[AB20+Na]+","[C22H42O6][C2H4O]n","Tween","Tween 40","X","X","D, K"
"555","1307.67764","[M+H]+","IKFEMEQNLR ","Peptide","keratin (human)","X","X","E, G, K"
"556","1308.64302","[M+H]+","VEGNEQFISASK","Peptide","bovine trypsin","X","X","G, K"
"557","1308.65426","[M+H]+","NKYEDEINKR","Peptide","keratin (human)","X","X","G, K"
"558","1315.68523","[M+H]+","DQIVDLTVGNNK","Peptide","keratin","X","X","E"
"559","1316.72425","[M+H]+","TLDNDIMLIRL","Peptide","trypsin-like artefact","X","X","E"
"560","1320.58283","[M+H]+","HGGGGGGFGGGGFGSR","Peptide","keratin (human)","X","X","G, K"
"561","1323.67255","[M+H]+","IKFEMoxEQNLR ","Peptide","keratin (human)","X","X","G, K"
"562","1329.63933","[M+H]+","NVQDAIADAEQR","Peptide","keratin (human)","X","X","G, K"
"563","1331.82731","[AB20+Na]+","[C24H44O6][C2H4O]n","Tween","Tween 80","X","X","D, K"
"564","1332.71917","[M+H]+","TLDNDIMoxLIRL","Peptide","trypsin-like artefact","X","X","E"
"565","1333.84296","[AB20+Na]+","[C24H46O6][C2H4O]n","Tween","Tween 60","X","X","D, K"
"566","1336.71071","[M+H]+","TAAENDFVTLKK","Peptide","keratin (human)","X","X","G, K"
"567","1337.80149","[AB22+Na]+","[C18H34O6][C2H4O]n","Tween","Tween 20","X","X","D, K"
"568","1340.66924","[M+H]+","SKAEAESLYQSK","Peptide","keratin","X","X","E"
"569","1344.67539","[M+H]+","ASLEAAIADAEQR","Peptide","keratin","X","X","E"
"570","1349.83788","[AB21+Na]+","[C22H42O6][C2H4O]n","Tween","Tween 40","X","X","D, K"
"571","1350.68729","[M+H]+","IGLGGRGGSGGSYGR","Peptide","keratin","X","X","E"
"572","1357.69579","[M+H]+","LNDLEDALQQAK","Peptide","keratin (human)","X","X","E, G, K"
"573","1357.71825","[M+H]+","QSVEADINGLRR","Peptide","keratin (human)","X","X","G, K"
"574","1365.63933","[M+H]+","SQYEQLAEQNR","Peptide","keratin (human)","X","X","G, K"
"575","1366.69612","[M+H]+","RISNSTSPTSFVA","Peptide","lysyl endopeptidase (Lys-C)","X","X","E"
"576","1367.67024","[M+H]+","VFTSWTGGGAAASR","Peptide","lysyl endopeptidase (Lys-C)","X","X","E"
"577","1371.71144","[M+H]+","LNDLEEALQQAK","Peptide","keratin (human)","X","X","E, G, K"
"578","1374.69334","[M+H]+","DLNMDNIVAEIK","Peptide","keratin (human)","X","X","G"
"579","1375.85353","[AB21+Na]+","[C24H44O6][C2H4O]n","Tween","Tween 80","X","X","D, K"
"580","1377.86918","[AB21+Na]+","[C24H46O6][C2H4O]n","Tween","Tween 60","X","X","D, K"
"581","1381.64817","[M+H]+","ALEESNYELEGK","Peptide","keratin (human)","X","X","E, G"
"582","1381.82771","[AB23+Na]+","[C18H34O6][C2H4O]n","Tween","Tween 20","X","X","D, K"
"583","1383.69031","[M+H]+","SLNNQFASFIDK","Peptide","keratin (human)","X","X","E, G"
"584","1384.72999","[M+H]+","FFVAPFPEVFGK","Peptide","bovine casein alpha-S1","X","X","E"
"585","1390.68087","[M+H]+","QSLEASLAETEGR","Peptide","keratin","X","X","E"
"586","1393.73217","[M+H]+","TNAENEFVTIKK","Peptide","keratin (human)","X","X","E, G"
"587","1393.86409","[AB22+Na]+","[C22H42O6][C2H4O]n","Tween","Tween 40","X","X","D, K"
"588","1399.69262","[M+H]+","TVMENFVAFVDK","Peptide","bovine serum albumin (BSA)","X","X","E"
"589","1399.70048","[f+H]+","PYFESFINNLR (from THNLEPYFESFINNLR)","Peptide","keratin (human), ion-source fragment","X","X","G, K"
"590","1418.72742","[M+H]+","VDALNDEINFLR","Peptide","keratin","X","X","E"
"591","1419.74783","[M+H]+","LEGLTDEINFLR","Peptide","keratin","X","X","E"
"592","1419.79544","[M+H]+","LGLDIEIATYRR","Peptide","keratin (human)","X","X","G"
"593","1419.87974","[AB22+Na]+","[C24H44O6][C2H4O]n","Tween","Tween 80","X","X","D, K"
"594","1421.89539","[AB22+Na]+","[C24H46O6][C2H4O]n","Tween","Tween 60","X","X","D, K"
"595","1424.76448","[M+H]+","AAKIITHPNFNGN","Peptide","porcine trypsin, methylated","X","X","J"
"596","1425.85392","[AB24+Na]+","[C18H34O6][C2H4O]n","Tween","Tween 20","X","X","D, K"
"597","1433.72056","[M+H]+","LQGIVSWGSGCAQK","Peptide","bovine trypsin","X","X","G"
"598","1434.76996","[M+H]+","IRLENEIQTYR","Peptide","keratin (human)","X","X","G"
"599","1437.89031","[AB23+Na]+","[C22H42O6][C2H4O]n","Tween","Tween 40","X","X","D, K"
"600","1438.74374","[M+H]+","NNQFASFIDKVR","Peptide","keratin (human)","X","X","G"
"601","1439.81176","[M+H]+","RHPEYAVSVLLR","Peptide","bovine serum albumin (BSA)","X","X","E"
"602","1442.80019","[M+H]+","LPDIFEAQIAGLR","Peptide","keratin","X","X","E"
"603","1443.64204","[M+H]+","YICcamDNQDTISSK","Peptide","bovine serum albumin (BSA)","X","X","E"
"604","1447.77510","[M+H]+","AIGGGLSSVGGGSSTIK","Peptide","keratin (human)","X","X","G"
"605","1449.71548","[M+H]+","LQGIVSWGSGCAQK (W - oxid. I)","Peptide","bovine trypsin","X","X","G"
"606","1453.83731","[M+H]+","EVTINQSLLAPLR","Peptide","keratin","X","X","E"
"607","1463.90596","[AB23+Na]+","[C24H44O6][C2H4O]n","Tween","Tween 80","X","X","D, K"
"608","1465.71039","[M+H]+","LQGIVSWGSGCAQK (W - oxid. II)","Peptide","bovine trypsin","X","X","G"
"609","1465.92161","[AB23+Na]+","[C24H46O6][C2H4O]n","Tween","Tween 60","X","X","D, K"
"610","1469.88014","[AB25+Na]+","[C18H34O6][C2H4O]n","Tween","Tween 20","X","X","D, K"
"611","1475.74888","[M+H]+","WELLQQVDTSTR","Peptide","keratin (human)","X","X","E, G"
"612","1475.78527","[M+H]+","FLEQQNQVLQTK","Peptide","keratin (human)","X","X","E, G"
"613","1476.80567","[M+H]+","FLEQQNKVLETK","Peptide","keratin","X","X","E"
"614","1479.79544","[M+H]+","LGEYGFQNALIVR","Peptide","bovine serum albumin (BSA)","X","X","E"
"615","1481.91652","[AB24+Na]+","[C22H42O6][C2H4O]n","Tween","Tween 40","X","X","D, K"
"616","1490.74203","[M+H]+","LQGIVSWGSGCcamAQK","Peptide","bovine trypsin","X","X","G"
"617","1491.74380","[M+H]+","WELLQQVDTSTR (W - oxid. I)","Peptide","keratin (human)","X","X","G"
"618","1491.75185","[M+H]+","FYAPELLYYANK","Peptide","bovine serum albumin (BSA)","X","X","E"
"619","1493.59953","[M+H]+","DSCQGDSGGPVVCSGK ox. S-S bond","Peptide","porcine trypsin","X","X","J"
"620","1493.73430","[M+H]+","SQYEQLAEQNRK","Peptide","keratin (human)","X","X","E, G"
"621","1495.61518","[M+H]+","DSCQGDSGGPVVCSGK","Peptide","bovine trypsin","X","X","G"
"622","1507.73872","[M+H]+","WELLQQVDTSTR (W - oxid. II)","Peptide","keratin (human)","X","X","G"
"623","1507.93217","[AB24+Na]+","[C24H44O6][C2H4O]n","Tween","Tween 80","X","X","D, K"
"624","1509.94782","[AB24+Na]+","[C24H46O6][C2H4O]n","Tween","Tween 60","X","X","D, K"
"625","1513.90635","[AB26+Na]+","[C18H34O6][C2H4O]n","Tween","Tween 20","X","X","D, K"
"626","1521.75436","[M+H]+","NVVEGNEQFISASK","Peptide","bovine trypsin","X","X","G"
"627","1522.73186","[M+H]+","LQGIVSWoxGSGCcamAQK","Peptide","bovine trypsin","X","X","G"
"628","1525.94274","[AB25+Na]+","[C22H42O6][C2H4O]n","Tween","Tween 40","X","X","D, K"
"629","1549.67720","[M+H]+","SGGGGGGGGCcamGGGGGVSSLR","Peptide","keratin","X","X","E"
"630","1551.95839","[AB25+Na]+","[C24H44O6][C2H4O]n","Tween","Tween 80","X","X","D, K"
"631","1553.97404","[AB25+Na]+","[C24H46O6][C2H4O]n","Tween","Tween 60","X","X","D, K"
"632","1557.93257","[AB27+Na]+","[C18H34O6][C2H4O]n","Tween","Tween 20","X","X","D, K"
"633","1566.73944","[M+H]+","LGEHNIDVLEGNEQ","Peptide","porcine trypsin, truncated","X","X","E, G"
"634","1567.74274","[M+H]+","DAFLGSFLYEYSR","Peptide","bovine serum albumin (BSA)","X","X","E"
"635","1569.96895","[AB26+Na]+","[C22H42O6][C2H4O]n","Tween","Tween 40","X","X","D, K"
"636","1585.75840","[M+H]+","VQALEEANNDLENK","Peptide","keratin (human)","X","X","E, G"
"637","1595.98460","[AB26+Na]+","[C24H44O6][C2H4O]n","Tween","Tween 80","X","X","D, K"
"638","1598.00025","[AB26+Na]+","[C24H46O6][C2H4O]n","Tween","Tween 60","X","X","D, K"
"639","1599.83368","[M+H]+","NKLNDLEDALQQAK","Peptide","keratin","X","X","E"
"640","1601.95878","[AB28+Na]+","[C18H34O6][C2H4O]n","Tween","Tween 20","X","X","D, K"
"641","1613.99517","[AB27+Na]+","[C22H42O6][C2H4O]n","Tween","Tween 40","X","X","D, K"
"642","1623.88532","[M+H]+","EQFINAAKIITHPN","Peptide","porcine trypsin, methylated","X","X","J"
"643","1638.76566","[M+H]+","SLNNQFASFIDKVR","Peptide","keratin (human)","X","X","G"
"644","1640.01082","[AB27+Na]+","[C24H44O6][C2H4O]n","Tween","Tween 80","X","X","D, K"
"645","1639.93775","[M+H]+","KVPQVSTPTLVEVSR","Peptide","bovine serum albumin (BSA)","X","X","E"
"646","1642.02647","[AB27+Na]+","[C24H46O6][C2H4O]n","Tween","Tween 60","X","X","D, K"
"647","1645.98500","[AB29+Na]+","[C18H34O6][C2H4O]n","Tween","Tween 20","X","X","D, K"
"648","1657.79287","[M+H]+","SGGGFSSGSAGIINYQR","Peptide","keratin (human)","X","X","E, G"
"649","1658.02138","[AB28+Na]+","[C22H42O6][C2H4O]n","Tween","Tween 40","X","X","D, K"
"650","1665.90443","[M+H]+","TKPSQARGFHPRAGR","Peptide","keratin (human)","X","X","G"
"651","1676.77623","[M+H]+","LGEDNINVVEGNEQF","Peptide","bovine trypsin","X","X","J"
"652","1684.03703","[AB28+Na]+","[C24H44O6][C2H4O]n","Tween","Tween 80","X","X","D, K"
"653","1686.05268","[AB28+Na]+","[C24H46O6][C2H4O]n","Tween","Tween 60","X","X","D, K"
"654","1687.97011","[M+H]+","SLVNLGGSKSISISVAR","Peptide","keratin (human)","X","X","G"
"655","1690.01121","[AB30+Na]+","[C18H34O6][C2H4O]n","Tween","Tween 20","X","X","D, K"
"656","1702.04760","[AB29+Na]+","[C22H42O6][C2H4O]n","Tween","Tween 40","X","X","D, K"
"657","1707.77214","[M+H]+","GSLGGGFSSGGFSGGSFSR","Peptide","keratin (human)","X","X","E, G"
"658","1708.71325","[M+H]+","FSSCGGGGGSFGAGGGFGSR","Peptide","keratin (human)","X","X","G"
"659","1713.80785","[M+H]+","LGEHNIDVLEGNEQF","Peptide","porcine trypsin, truncated","X","X","E, G"
"660","1716.85112","[M+H]+","QISNLQQSISDAEQR","Peptide","keratin (human)","X","X","E, G"
"661","1725.86287","[M+H]+","VCNYVSWIKQTIASN","Peptide","bovine trypsin","X","X","G"
"662","1728.06325","[AB29+Na]+","[C24H44O6][C2H4O]n","Tween","Tween 80","X","X","D, K"
"663","1730.07890","[AB29+Na]+","[C24H46O6][C2H4O]n","Tween","Tween 60","X","X","D, K"
"664","1734.03743","[AB31+Na]+","[C18H34O6][C2H4O]n","Tween","Tween 20","X","X","D, K"
"665","1744.92283","[M+H]+","NNLEPILEGYISNLR","Peptide","keratin (human)","X","X","G"
"666","1746.07381","[AB30+Na]+","[C22H42O6][C2H4O]n","Tween","Tween 40","X","X","D, K"
"667","1757.85270","[M+H]+","VCNYVSWIKQTIASN (W - oxid.)","Peptide","bovine trypsin","X","X","G"
"668","1765.73471","[M+H]+","FSSCcamGGGGGSFGAGGGFGSR","Peptide","keratin (human)","X","X","E, G"
"669","1772.08946","[AB30+Na]+","[C24H44O6][C2H4O]n","Tween","Tween 80","X","X","D, K"
"670","1774.10511","[AB30+Na]+","[C24H46O6][C2H4O]n","Tween","Tween 60","X","X","D, K"
"671","1774.85026","[M+H]+","IVGGYTCGANTVPY & CLK via S-S bond","Peptide","bovine trypsin","X","X","J"
"672","1774.89700","[M+H]+","NIDVLEGNEQFINAAK","Peptide","porcine trypsin","X","X","G"
"673","1778.06364","[AB32+Na]+","[C18H34O6][C2H4O]n","Tween","Tween 20","X","X","D, K"
"674","1790.10003","[AB31+Na]+","[C22H42O6][C2H4O]n","Tween","Tween 40","X","X","D, K"
"675","1791.72772","[M+H]+","GGSGGSYGGGGSGGGYGGGSGSR","Peptide","keratin (human)","X","X","E, G"
"676","1792.87858","[M+H]+","LEAELGNMQGLVEDFK","Peptide","keratin","X","X","E"
"677","1797.01165","[M+H]+","NVQALEIELQSQLALK","Peptide","keratin","X","X","E"
"678","1816.11568","[AB31+Na]+","[C24H44O6][C2H4O]n","Tween","Tween 80","X","X","D, K"
"679","1818.13133","[AB31+Na]+","[C24H46O6][C2H4O]n","Tween","Tween 60","X","X","D, K"
"680","1830.84056","[M+H]+","SDQYGRVFTSWTGGGAAA","Peptide","lysyl endopeptidase (Lys-C)","X","X","E"
"681","1834.12624","[AB32+Na]+","[C22H42O6][C2H4O]n","Tween","Tween 40","X","X","D, K"
"682","1837.96542","[M+H]+","HGVQELEIELQSQLSK","Peptide","keratin","X","X","E"
"683","1838.91439","[M+H]+","SISISVAGGGGGFGAAGGFGGR","Peptide","keratin (human)","X","X","G"
"684","1847.80510","[M+H]+","SNMDNMFESYINNLR","Peptide","keratin","X","X","E"
"685","1851.92693","[M+H]+","TLNDMRQEYEQLIAK","Peptide","keratin","X","X","E"
"686","1860.14189","[AB32+Na]+","[C24H44O6][C2H4O]n","Tween","Tween 80","X","X","D, K"
"687","1862.15754","[AB32+Na]+","[C24H46O6][C2H4O]n","Tween","Tween 60","X","X","D, K"
"688","1940.93485","[M+H]+","LGEHNIDVLEGNEQFIN","Peptide","porcine trypsin, truncated, methylated","X","X","E, J"
"689","1987.07801","[M+H]+","TLDNDIMLIKLSSPATLN, K methylated","Peptide","porcine trypsin, methylated","X","X","J"
"690","1993.97666","[M+H]+","THNLEPYFESFINNLR","Peptide","keratin (human)","X","X","E, K"
"691","1993.98253","[M+H]+","SSGGSSSVKFVSTTYSGVTR","Peptide","keratin (human)","X","X","G"
"692","2003.07293","[M+H]+","TLDNDIMoxLIKLSSPATLN, K methylated","Peptide","porcine trypsin, methylated","X","X","J"
"693","2021.98868","[M+H]+","SSGGSSSVRFVSTTYSGVTR ","Peptide","keratin (human)","X","X","G"
"694","2055.01485","[M+H]+","RVLGQLHGGPSSCcamSATGTNR","Peptide","lysyl endopeptidase (Lys-C)","X","X","E"
"695","2082.96483","[M+H]+","AETECcamQNTEYQQLLDIK","Peptide","keratin","X","X","E"
"696","2083.00908","[M+H]+","LGEHNIDVLEGNEQFINAA","Peptide","porcine trypsin, truncated","X","X","E"
"697","2109.01285","[M+H]+","ELQSQISDTSVVLSMDNSR","Peptide","keratin","X","X","E"
"698","2150.07777","[M+H]+","THNLEPYFESFINNLRR","Peptide","keratin (human)","X","X","K"
"699","2155.08522","[M+H]+","IITHPNFNGNTLDNDIMLI","Peptide","trypsin-like artefact, truncated","X","X","E"
"700","2163.05642","[M+H]+","LGEDNINVVEGNEQFISASK","Peptide","bovine trypsin","X","X","G"
"701","2171.02466","[M+H]+","SDLEMQYETLQEELMALK","Peptide","keratin","X","X","E"
"702","2184.12551","[M+H]+","NKLNDLEDALQQAKEDLAR","Peptide","keratin","X","X","E"
"703","2185.03837","[M+Na]+","LGEDNINVVEGNEQFISASK sodiated","Peptide","bovine trypsin","X","X","G, K"
"704","2193.00248","[M+H]+","MFCAGYLEGGK & APILSDSSCK via S-S bond","Peptide","bovine trypsin","X","X","J"
"705","2193.99436","[M+K]+","SAYPGQITSNMFCAGYLEGGK","Peptide","bovine trypsin","X","X","G, K"
"706","2201.01231","[M+H]+","LGEDNINVVEGNEQFISASK potassiated","Peptide","bovine trypsin","X","X","G, K"
"707","2208.99740","[M+H]+","MoxFCAGYLEGGK & APILSDSSCK via S-S bond","Peptide","bovine trypsin","X","X","J"
"708","2209.98927","[M+H]+","SAYPGQITSNMoxFCAGYLEGGK ","Peptide","bovine trypsin","X","X","G, K"
"709","2211.10404","[M+H]+","LGEHNIDVLEGNEQFINAAK","Peptide","porcine trypsin","X","X","G, K"
"710","2225.11969","[M+H]+","LGEHNIDVLEGNEQFINAAK, K part. methylated","Peptide","porcine trypsin","X","X","G, K"
"711","2225.15608","[f+H]+","SIVHPSYNSNTLNNDIMoxLIK -[CH3SOH]","Peptide","bovine trypsin, ion source fragment","X","X","G, K"
"712","2239.13534","[M+H]+","LGEHNIDVLEGNEQFINAAK, K methylated","Peptide","porcine trypsin","X","X","G, K"
"713","2240.16966","[M+H]+","ADLEFQIESLTEELAYLKK","Peptide","keratin","X","X","E"
"714","2251.01582","[M+H]+","SAYPGQITSNMFCcamAGYLEGGK","Peptide","bovine trypsin","X","X","G"
"715","2267.01074","[M+H]+","SAYPGQITSNMoxFCcamAGYLEGGK","Peptide","bovine trypsin","X","X","G"
"716","2273.15944","[M+H]+","SIVHPSYNSNTLNNDIMLIK","Peptide","bovine trypsin","X","X","G, K"
"717","2283.18018","[M+H]+","IITHPNFNGNTLDNDIMLIK","Peptide","bovine trypsin","X","X","G, K"
"718","2283.18018","[M+H]+","IITHPNFNGNTLDNDIMLIK","Peptide","porcine trypsin","X","X","G, K"
"719","2286.12484","[M+H]+","AEAESLYQSKYEELQITAGR","Peptide","keratin (human)","X","X","G"
"720","2289.15437","[M+H]+","SIVHPSYNSNTLNNDIMoxLIK (M - oxid.)","Peptide","bovine trypsin","X","X","G, K"
"721","2295.14139","[M+Na]+","SIVHPSYNSNTLNNDIMLIK sodiated","Peptide","bovine trypsin","X","X","G, K"
"722","2297.19584","[M+H]+","IITHPNFNGNTLDNDIMLIK, K part. methylated","Peptide","porcine trypsin, methylated","X","X","J"
"723","2305.14928","[M+H]+","SIVHPSYNSNTLNNDIMoxoxLIK (M - 2 oxid.)","Peptide","bovine trypsin","X","X","G, K"
"724","2311.13631","[M+Na]+","SIVHPSYNSNTLNNDIMoxLIK (M - oxid.) sodiated","Peptide","bovine trypsin","X","X","G, K"
"725","2321.20707","[M+H]+","LQGIVSWGSGCAQKNKPGVYTK","Peptide","bovine trypsin","X","X","G, K"
"726","2329.17425","[M+H]+","QISNLQQSISDAEQRGENALK","Peptide","keratin","X","X","E"
"727","2343.18901","[M+Na]+","LQGIVSWGSGCAQKNKPGVYTK sodiated","Peptide","bovine trypsin","X","X","G, K"
"728","2353.19690","[M+H]+","LQGIVSWGSGCAQKNKPGVYTK (W - oxid.)","Peptide","bovine trypsin","X","X","G, K"
"729","2367.26267","[M+H]+","NQILNLTTDNANILLQIDNAR","Peptide","keratin (human)","X","X","G"
"730","2375.17884","[M+Na]+","LQGIVSWGSGCAQKNKPGVYTK (W - oxid.) sodiated","Peptide","bovine trypsin","X","X","G, K"
"731","2383.95186","[M+H]+","GGGGGGYGSGGSSYGSGGGSYGSGGGGGGGR","Peptide","keratin (human)","X","X","G"
"732","2400.27441","[M+H]+","IIKHPNYSSWTLNNDIMLIK","Peptide","bovine trypsin","X","X","G, K"
"733","2501.06722","[M+H]+","AAFGGSGGRGSSSGGGYSSGSSSYGSGGR","Peptide","keratin (human)","X","X","G"
"734","2501.25182","[M+H]+","SKAEAESLYQSKYEELQITAGR","Peptide","keratin (human)","X","X","G"
"735","2510.13177","[M+H]+","EIETYHNLLEGGQEDFESSGAGK","Peptide","keratin (human)","X","X","E, G"
"736","2514.33847","[M+H]+","SIVHPSYNSNTLNNDIMLIKLK","Peptide","bovine trypsin","X","X","G, K"
"737","2530.33339","[M+H]+","SIVHPSYNSNTLNNDIMoxLIKLK","Peptide","bovine trypsin","X","X","G, K"
"738","2550.23269","[M+H]+","VASISLPTSCASAGTQCLISGWGNTK, -S-S-bond","Peptide","bovine trypsin","X","X","J"
"739","2552.24834","[M+H]+","VASISLPTSCASAGTQCLISGWGNTK ","Peptide","bovine trypsin","X","X","J"
"740","2564.18093","[M+H]+","SGSHFCGGSLINSQWVVSAAHCYK, -S-S- bond","Peptide","porcine trypsin, methylated","X","X","J"
"741","2564.36786","[M+H]+","EVTQLRHGVQELEIELQSQLSK","Peptide","keratin","X","X","E"
"742","2566.27838","[M+H]+","SKEEAEALYHSKYEELQVTVGR","Peptide","keratin (human)","X","X","G"
"743","2581.19473","[M+H]+","FSGECcamAPNVSVSVSTSHTTISGGGSR","Peptide","keratin","X","X","E"
"744","2612.18093","[M+H]+","SGYHFCGGSLINSQWVVSAAHCYK, -S-S- bond","Peptide","bovine trypsin","X","X","J"
"745","2613.34938","[M+H]+","NKPGVYTKVCNYVSWIKQTIASN","Peptide","bovine trypsin","X","X","J"
"746","2614.19658","[M+H]+","SGYHFCGGSLINSQWVVSAAHCYK","Peptide","bovine trypsin","X","X","J"
"747","2666.29127","[M+H]+","VASISLPTSCcamASAGTQCcamLISGWGNTK ","Peptide","bovine trypsin","X","X","J"
"748","2670.37084","[M+H]+","NKPGVYTKVCcamNYVSWIKQTIASN","Peptide","bovine trypsin","X","X","J"
"749","2705.16112","[M+H]+","GGGGSFGYSYGGGSGGGFSASSLGGGFGGGSR","Peptide","keratin","X","X","E"
"750","2707.41621","[M+H]+","IQVRLGEHNIDVLEGNEQFINAAK","Peptide","porcine trypsin, methylated","X","X","J"
"751","2720.36337","[M+H]+","IVGGYTCAAN & TKSSGSSYPSLLQCLK, via S-S bond","Peptide","porcine trypsin, methylated","X","X","J"
"752","2728.23951","[M+H]+","SGYHFCcamGGSLINSQWVVSAAHCcamYK","Peptide","bovine trypsin","X","X","J"
"753","2746.41925","[M+H]+","YCcamVQLSQIQAQISALEEQLQQIR","Peptide","keratin","X","X","E"
"754","2748.39467","[M+H]+","IVGGYTCAAN & TKSSGSSYPSLLQCLK, via S-S bond, N-term. Methyl.","Peptide","porcine trypsin, methylated","X","X","J"
"755","2807.31407","[M+H]+","SGSHFCGGSLINSQWVVSAAHCYKSR, -S-S- bond","Peptide","porcine trypsin, methylated","X","X","J"
"756","2872.39278","[M+H]+","NVSTGDVNVEMNAAPGVDLTQLLNNMR","Peptide","keratin","X","X","E"
"757","2902.41052","[M+H]+","NYSPYYNTIDDLKDQIVDLTVGNNK","Peptide","keratin","X","X","E"
"758","2904.38261","[M+H]+","NVSTGDVNVEMoxNAAPGVDLTQLLNNMoxR","Peptide","keratin","X","X","E"
"759","2914.50576","[M+H]+","LGEHNIDVLEGNEQFINAAKIITHPN, K methylated","Peptide","porcine trypsin, methylated","X","X","J"
"760","2932.51632","[M+H]+","FLEQQNQVLQTKWELLQQVDTSTR","Peptide","keratin (human)","X","X","G"
"761","3211.47446","[M+H]+","SAYPGQITSNMFCAGYLEGGK & APILSDSSCK via S-S bond","Peptide","bovine trypsin","X","X","J"
"762","3223.28159","[M+H]+","GGSGGSHGGGSGFGGESGGSYGGGEEASGSGGGYGGGSGK","Peptide","keratin","X","X","E"
"763","3227.46937","[M+H]+","SAYPGQITSNMoxFCAGYLEGGK & APILSDSSCK via S-S bond","Peptide","bovine trypsin","X","X","J"
"764","3312.30814","[M+H]+","GSYGSGGSSYGSGGGSYGSGGGGGGHGSYGSGSSSGGYR","Peptide","keratin (human)","X","X","G"
"765","3337.73214","[M+H]+","IITHPNFNGNTLDNDIMLIRLSSPATLNSR","Peptide","trypsin-like artefact, truncated","X","X","E"
"766","3346.68149","[M+H]+","LGEHNIDVLEGNEQFINAAKIITHPNFNGN, K methylated","Peptide","porcine trypsin, methylated","X","X","J"
"767","3353.72706","[M+H]+","IITHPNFNGNTLDNDIMoxLIRLSSPATLNSR","Peptide","trypsin-like artefact, truncated","X","X","E"
